year,host_country,competing_country,country_total_athletes,lag_country_total_athletes,country_total_medals,lag_country_total_medals,country_total_appearances,country_golds,lag_country_golds,country_silvers,lag_country_silvers,country_bronzes,lag_country_bronzes,country_ranking,lag_country_ranking,country_female_athletes,lag_country_female_athletes,country_male_athletes,lag_country_male_athletes
1896,Greece,Australia,1,0,2,0,1,2,0,0,0,0,0,8,-1,0,0,1,0
1896,Greece,Austria,3,0,5,0,1,2,0,1,0,2,0,7,-1,0,0,3,0
1896,Greece,Denmark,3,0,6,0,1,1,0,2,0,3,0,9,-1,0,0,3,0
1896,Greece,France,12,0,11,0,1,5,0,4,0,2,0,4,-1,0,0,12,0
1896,Greece,Germany,19,0,13,0,1,6,0,5,0,2,0,3,-1,0,0,19,0
1896,Greece,Great Britain,10,0,7,0,1,2,0,3,0,2,0,5,-1,0,0,10,0
1896,Greece,Greece,102,0,47,0,1,10,0,18,0,19,0,2,-1,0,0,102,0
1896,Greece,Hungary,7,0,6,0,1,2,0,1,0,3,0,6,-1,0,0,7,0
1896,Greece,Mixed team,0,0,2,0,1,1,0,0,0,1,0,11,-1,0,0,0,0
1896,Greece,Switzerland,3,0,3,0,1,1,0,2,0,0,0,10,-1,0,0,3,0
1896,Greece,United States,14,0,20,0,1,11,0,7,0,2,0,1,-1,0,0,14,0
1900,France,Australia,2,1,5,2,2,2,2,0,0,3,0,9,8,0,0,2,1
1900,France,Austria,16,3,6,5,2,0,2,3,1,3,2,16,7,0,0,16,3
1900,France,Belgium,64,0,17,0,1,6,0,7,0,4,0,5,-1,0,0,64,0
1900,France,Bohemia,7,0,2,0,1,0,0,1,0,1,0,20,-1,1,0,6,0
1900,France,Canada,4,0,2,0,1,1,0,0,0,1,0,13,-1,0,0,4,0
1900,France,Cuba,1,0,2,0,1,1,0,1,0,0,0,12,-1,0,0,1,0
1900,France,Denmark,13,3,6,6,2,1,1,3,2,2,3,10,9,0,0,13,3
1900,France,France,715,12,103,11,2,27,5,39,4,37,2,1,4,12,0,703,12
1900,France,Germany,76,19,9,13,2,4,6,3,5,2,2,7,3,0,0,76,19
1900,France,Great Britain,104,10,31,7,2,15,2,7,3,9,2,3,5,1,0,103,10
1900,France,Hungary,18,7,5,6,2,1,2,2,1,2,3,11,6,0,0,18,7
1900,France,India,1,0,2,0,1,0,0,2,0,0,0,19,-1,0,0,1,0
1900,France,Italy,23,0,5,0,1,3,0,2,0,0,0,8,-1,1,0,22,0
1900,France,Luxembourg,1,0,1,0,1,1,0,0,0,0,0,14,-1,0,0,1,0
1900,France,Mixed team,0,0,19,2,2,8,1,5,0,6,1,4,11,0,0,0,0
1900,France,Netherlands,35,0,5,0,1,0,0,2,0,3,0,17,-1,0,0,35,0
1900,France,Norway,7,0,5,0,1,0,0,2,0,3,0,17,-1,0,0,7,0
1900,France,Spain,9,0,1,0,1,1,0,0,0,0,0,14,-1,0,0,9,0
1900,France,Sweden,10,0,1,0,1,0,0,0,0,1,0,21,-1,0,0,10,0
1900,France,Switzerland,18,3,9,3,2,6,1,2,2,1,0,6,10,1,0,17,3
1900,France,United States,75,14,48,20,2,19,11,14,7,15,2,2,1,7,0,68,14
1904,United States,Australia,2,2,4,5,3,0,2,3,0,1,3,12,9,0,0,2,2
1904,United States,Austria,2,16,3,6,3,1,0,1,3,1,3,8,16,0,0,2,16
1904,United States,Canada,55,4,6,2,2,4,1,1,0,1,1,3,13,0,0,55,4
1904,United States,Cuba,3,1,3,2,2,3,1,0,1,0,0,4,12,0,0,3,1
1904,United States,France,1,715,1,103,3,0,27,1,39,0,37,13,1,0,12,1,703
1904,United States,Germany,22,76,15,9,3,4,4,5,3,6,2,2,7,0,0,22,76
1904,United States,Great Britain,6,104,2,31,3,1,15,1,7,0,9,9,3,0,1,6,103
1904,United States,Greece,14,102,2,47,2,1,10,0,18,1,19,11,2,0,0,14,102
1904,United States,Hungary,4,18,4,5,3,2,1,1,2,1,2,5,11,0,0,4,18
1904,United States,Mixed team,0,0,4,19,3,2,8,1,5,1,6,5,4,0,0,0,0
1904,United States,Norway,3,7,2,5,2,2,0,0,2,0,3,7,17,0,0,3,7
1904,United States,Switzerland,3,18,3,9,3,1,6,0,2,2,1,10,6,0,1,3,17
1904,United States,United States,518,75,231,48,3,76,19,78,14,77,15,1,2,6,7,512,68
1908,United Kingdom,Australasia,30,0,5,0,1,1,0,2,0,2,0,11,-1,0,0,30,0
1908,United Kingdom,Austria,7,2,1,3,4,0,1,0,1,1,1,19,8,0,0,7,2
1908,United Kingdom,Belgium,70,64,8,17,2,1,6,5,7,2,4,10,5,0,0,70,64
1908,United Kingdom,Bohemia,19,7,2,2,2,0,0,0,1,2,1,17,20,0,1,19,6
1908,United Kingdom,Canada,87,55,16,6,3,3,4,3,1,10,1,7,3,0,0,87,55
1908,United Kingdom,Denmark,78,13,5,6,3,0,1,2,3,3,2,16,10,0,0,78,13
1908,United Kingdom,Finland,62,0,5,0,1,1,0,1,0,3,0,13,-1,0,0,62,0
1908,United Kingdom,France,208,1,19,1,4,5,0,5,1,9,0,4,13,0,0,208,1
1908,United Kingdom,Germany,82,22,13,15,4,3,4,5,5,5,6,5,2,2,0,80,22
1908,United Kingdom,Great Britain,732,6,146,2,4,56,1,51,1,39,0,1,9,39,0,693,6
1908,United Kingdom,Greece,20,14,4,2,3,0,1,3,0,1,1,15,11,0,0,20,14
1908,United Kingdom,Hungary,65,4,9,4,4,3,2,4,1,2,1,6,5,0,0,65,4
1908,United Kingdom,Italy,66,23,4,5,2,2,3,2,2,0,0,9,8,0,1,66,22
1908,United Kingdom,Netherlands,113,35,2,5,2,0,0,0,2,2,3,17,17,0,0,113,35
1908,United Kingdom,Norway,69,3,8,2,3,2,2,3,0,3,0,8,7,0,0,69,3
1908,United Kingdom,Russian Empire,0,0,3,0,1,1,0,2,0,0,0,12,-1,0,0,0,0
1908,United Kingdom,South Africa,14,0,2,0,1,1,0,1,0,0,0,14,-1,0,0,14,0
1908,United Kingdom,Sweden,164,10,25,1,2,8,0,6,0,11,1,3,21,3,0,161,10
1908,United Kingdom,United States,119,518,47,231,4,23,76,12,78,12,77,2,1,0,6,119,512
1912,Sweden,Australasia,25,30,7,5,2,2,1,2,2,3,2,12,11,2,0,23,30
1912,Sweden,Austria,85,7,4,1,5,0,0,2,0,2,1,17,19,6,0,79,7
1912,Sweden,Belgium,36,70,6,8,3,2,1,1,5,3,2,13,10,1,0,35,70
1912,Sweden,Canada,37,87,8,16,4,3,3,2,3,3,10,9,7,0,0,37,87
1912,Sweden,Denmark,147,78,12,5,4,1,0,6,2,5,3,14,16,1,0,146,78
1912,Sweden,Finland,164,62,26,5,2,9,1,8,1,9,3,4,13,2,0,162,62
1912,Sweden,France,119,208,14,19,5,7,5,4,5,3,9,5,4,1,0,118,208
1912,Sweden,Germany,185,82,25,13,5,5,3,13,5,7,5,6,5,5,2,180,80
1912,Sweden,Great Britain,273,732,41,146,5,10,56,15,51,16,39,3,1,10,39,263,693
1912,Sweden,Greece,22,20,2,4,4,1,0,0,3,1,1,15,15,0,0,22,20
1912,Sweden,Hungary,121,65,8,9,5,3,3,2,4,3,2,9,6,0,0,121,65
1912,Sweden,Italy,66,66,6,4,3,3,2,1,2,2,0,11,9,0,0,66,66
1912,Sweden,Netherlands,33,113,3,2,3,0,0,0,0,3,2,18,17,0,0,33,113
1912,Sweden,Norway,190,69,10,8,4,3,2,2,3,5,3,8,8,2,0,188,69
1912,Sweden,Russian Empire,0,0,5,3,2,0,1,2,2,3,0,16,12,0,0,0,0
1912,Sweden,South Africa,21,14,6,2,2,4,1,2,1,0,0,7,14,0,0,21,14
1912,Sweden,Sweden,434,164,65,25,3,23,8,25,6,17,11,2,3,23,3,411,161
1912,Sweden,United States,172,119,64,47,5,26,23,19,12,19,12,1,2,0,0,172,119
1920,Belgium,Australia,13,2,3,4,4,0,0,2,3,1,1,16,12,1,0,12,2
1920,Belgium,Belgium,336,36,36,6,4,14,2,11,1,11,3,5,13,10,1,326,35
1920,Belgium,Brazil,19,0,3,0,1,1,0,1,0,1,0,15,-1,0,0,19,0
1920,Belgium,Canada,52,37,9,8,5,3,3,3,2,3,3,12,9,0,0,52,37
1920,Belgium,Czechoslovakia,119,0,2,0,1,0,0,0,0,2,0,21,-1,1,0,118,0
1920,Belgium,Denmark,151,147,13,12,5,3,1,9,6,1,5,10,14,4,1,147,146
1920,Belgium,Estonia,14,0,3,0,1,1,0,2,0,0,0,14,-1,0,0,14,0
1920,Belgium,Finland,63,164,34,26,3,15,9,10,8,9,9,3,4,1,2,62,162
1920,Belgium,France,304,119,41,14,6,9,7,19,4,13,3,8,5,8,1,296,118
1920,Belgium,Great Britain,234,273,42,41,6,14,10,15,15,13,16,4,3,16,10,218,263
1920,Belgium,Greece,47,22,1,2,5,0,1,1,0,0,1,19,15,0,0,47,22
1920,Belgium,Italy,173,66,23,6,4,13,3,5,1,5,2,7,11,1,0,172,66
1920,Belgium,Japan,15,0,2,0,1,0,0,2,0,0,0,17,-1,0,0,15,0
1920,Belgium,Luxembourg,25,1,1,1,2,0,1,1,0,0,0,19,14,0,0,25,1
1920,Belgium,Netherlands,130,33,11,3,4,4,0,2,0,5,3,9,18,1,0,129,33
1920,Belgium,New Zealand,4,0,1,0,1,0,0,0,0,1,0,22,-1,1,0,3,0
1920,Belgium,Norway,193,190,31,10,5,13,3,9,2,9,5,6,8,6,2,187,188
1920,Belgium,South Africa,39,21,10,6,3,3,4,4,2,3,0,11,7,1,0,38,21
1920,Belgium,Spain,58,9,2,1,2,0,1,2,0,0,0,17,14,0,0,58,9
1920,Belgium,Sweden,256,434,64,65,4,19,23,20,25,25,17,2,2,13,23,243,411
1920,Belgium,Switzerland,77,3,11,3,4,2,1,2,0,7,2,13,10,0,0,77,3
1920,Belgium,United States,285,172,95,64,6,41,26,27,19,27,19,1,1,14,0,271,172
1924,France,Argentina,77,0,6,0,1,1,0,3,0,2,0,16,-1,0,0,77,0
1924,France,Australia,36,13,6,3,5,3,0,1,2,2,1,11,16,1,1,35,12
1924,France,Austria,49,85,4,4,6,0,0,3,2,1,2,20,17,3,6,46,79
1924,France,Belgium,172,336,13,36,5,3,14,7,11,3,11,10,5,6,10,166,326
1924,France,Canada,65,52,4,9,6,0,3,3,3,1,3,20,12,0,0,65,52
1924,France,Czechoslovakia,133,119,10,2,2,1,0,4,0,5,2,15,21,4,1,129,118
1924,France,Denmark,89,151,9,13,6,2,3,5,9,2,1,12,10,12,4,77,147
1924,France,Estonia,37,14,6,3,2,1,1,1,2,4,0,17,14,0,0,37,14
1924,France,Finland,121,63,37,34,4,14,15,13,10,10,9,2,3,0,1,121,62
1924,France,France,401,304,38,41,7,13,9,15,19,10,13,3,8,31,8,370,296
1924,France,Great Britain,267,234,34,42,7,9,14,13,15,12,13,4,4,28,16,239,218
1924,France,Haiti,8,0,1,0,1,0,0,0,0,1,0,23,-1,0,0,8,0
1924,France,Hungary,89,121,9,8,6,2,3,3,2,4,3,13,9,3,0,86,121
1924,France,Italy,199,173,16,23,5,8,13,3,5,5,5,5,7,4,1,195,172
1924,France,Japan,19,15,1,2,2,0,0,0,2,1,0,23,17,0,0,19,15
1924,France,Netherlands,177,130,10,11,5,4,4,1,2,5,5,9,9,9,1,168,129
1924,France,New Zealand,4,4,1,1,2,0,0,0,0,1,1,23,22,1,1,3,3
1924,France,Norway,62,193,10,31,6,5,13,2,9,3,9,7,6,2,6,60,187
1924,France,Poland,65,0,2,0,1,0,0,1,0,1,0,22,-1,1,0,64,0
1924,France,Portugal,28,0,1,0,1,0,0,0,0,1,0,23,-1,0,0,28,0
1924,France,Romania,35,0,1,0,1,0,0,0,0,1,0,23,-1,0,0,35,0
1924,France,South Africa,30,39,3,10,4,1,3,1,4,1,3,18,11,0,1,30,38
1924,France,Sweden,157,256,29,64,5,4,19,13,20,12,25,8,2,13,13,144,243
1924,France,Switzerland,141,77,25,11,5,7,2,8,2,10,7,6,13,5,0,136,77
1924,France,United States,297,285,99,95,7,45,41,27,27,27,27,1,1,24,14,273,271
1924,France,Uruguay,26,0,1,0,1,1,0,0,0,0,0,19,-1,0,0,26,0
1924,France,Yugoslavia,42,0,2,0,1,2,0,0,0,0,0,14,-1,0,0,42,0
1928,Netherlands,Argentina,81,77,7,6,2,3,1,3,3,1,2,12,16,0,0,81,77
1928,Netherlands,Australia,18,36,4,6,6,1,3,2,1,1,2,19,11,4,1,14,35
1928,Netherlands,Austria,73,49,3,4,7,2,0,0,3,1,1,18,20,6,3,67,46
1928,Netherlands,Belgium,187,172,3,13,6,0,3,1,7,2,3,29,10,12,6,175,166
1928,Netherlands,Canada,69,65,15,4,7,4,0,4,3,7,1,10,20,7,0,62,65
1928,Netherlands,Chile,38,0,1,0,1,0,0,1,0,0,0,30,-1,0,0,38,0
1928,Netherlands,Czechoslovakia,69,133,9,10,3,2,1,5,4,2,5,14,15,1,4,68,129
1928,Netherlands,Denmark,91,89,6,9,7,3,2,1,5,2,2,13,12,9,12,82,77
1928,Netherlands,Egypt,32,0,4,0,1,2,0,1,0,1,0,17,-1,0,0,32,0
1928,Netherlands,Estonia,20,37,5,6,3,2,1,1,1,2,4,16,17,0,0,20,37
1928,Netherlands,Finland,69,121,25,37,5,8,14,8,13,9,10,3,2,2,0,67,121
1928,Netherlands,France,255,401,21,38,8,6,13,10,15,5,10,7,3,36,31,219,370
1928,Netherlands,Germany,293,185,31,25,6,10,5,7,13,14,7,2,6,35,5,258,180
1928,Netherlands,Great Britain,231,267,20,34,8,3,9,10,13,7,12,11,4,31,28,200,239
1928,Netherlands,Haiti,2,8,1,1,2,0,0,1,0,0,1,30,23,0,0,2,8
1928,Netherlands,Hungary,109,89,9,9,7,4,2,5,3,0,4,9,13,16,3,93,86
1928,Netherlands,India,21,1,1,2,2,1,0,0,2,0,0,24,19,0,0,21,1
1928,Netherlands,Ireland,38,0,1,0,1,1,0,0,0,0,0,24,-1,5,0,33,0
1928,Netherlands,Italy,174,199,19,16,6,7,8,5,3,7,5,5,5,18,4,156,195
1928,Netherlands,Japan,40,19,5,1,3,2,0,2,0,1,1,15,23,1,0,39,19
1928,Netherlands,Netherlands,266,177,19,10,6,6,4,9,1,4,5,8,9,44,9,222,168
1928,Netherlands,New Zealand,9,4,1,1,3,1,0,0,0,0,1,24,23,3,1,6,3
1928,Netherlands,Norway,52,62,4,10,7,1,5,2,2,1,3,19,7,0,2,52,60
1928,Netherlands,Philippines,4,0,1,0,1,0,0,0,0,1,0,32,-1,0,0,4,0
1928,Netherlands,Poland,93,65,5,2,2,1,0,1,1,3,1,21,22,11,1,82,64
1928,Netherlands,Portugal,31,28,1,1,2,0,0,0,0,1,1,32,23,0,0,31,28
1928,Netherlands,South Africa,24,30,3,3,5,1,1,0,1,2,1,23,18,6,0,18,30
1928,Netherlands,Spain,80,58,1,2,3,1,0,0,2,0,0,24,17,0,0,80,58
1928,Netherlands,Sweden,100,157,25,29,6,7,4,6,13,12,12,4,8,13,13,87,144
1928,Netherlands,Switzerland,133,141,15,25,6,7,7,4,8,4,10,6,6,1,5,132,136
1928,Netherlands,United States,277,297,56,99,8,22,45,18,27,16,27,1,1,44,24,233,273
1928,Netherlands,Uruguay,17,26,1,1,2,1,1,0,0,0,0,24,19,0,0,17,26
1928,Netherlands,Yugoslavia,34,42,5,2,2,1,2,1,0,3,0,21,14,0,0,34,42
1932,United States,Argentina,33,81,4,7,3,3,3,1,3,0,1,12,12,0,0,33,81
1932,United States,Australia,13,18,5,4,7,3,1,1,2,1,1,11,19,4,4,9,14
1932,United States,Austria,19,73,5,3,8,1,2,1,0,3,1,18,18,2,6,17,67
1932,United States,Belgium,36,187,1,3,7,0,0,0,1,1,2,26,29,7,12,29,175
1932,United States,Canada,102,69,16,15,8,2,4,5,4,9,7,13,10,17,7,85,62
1932,United States,Czechoslovakia,25,69,6,9,4,1,2,3,5,2,2,17,14,0,1,25,68
1932,United States,Denmark,43,91,8,6,8,0,3,5,1,3,2,20,13,8,9,35,82
1932,United States,Finland,40,69,25,25,6,5,8,8,8,12,9,8,3,0,2,40,67
1932,United States,France,103,255,20,21,9,11,6,5,10,4,5,3,7,6,36,97,219
1932,United States,Germany,145,293,24,31,7,5,10,12,7,7,14,7,2,9,35,136,258
1932,United States,Great Britain,107,231,17,20,9,5,3,7,10,5,7,9,11,17,31,90,200
1932,United States,Hungary,58,109,16,9,8,6,4,5,5,5,0,6,9,2,16,56,93
1932,United States,India,19,21,1,1,3,1,1,0,0,0,0,19,24,0,0,19,21
1932,United States,Ireland,16,38,2,1,2,2,1,0,0,0,0,16,24,2,5,14,33
1932,United States,Italy,112,174,36,19,7,12,7,12,5,12,7,2,5,0,18,112,156
1932,United States,Japan,157,40,18,5,4,7,2,7,2,4,1,5,15,18,1,139,39
1932,United States,Latvia,5,0,1,0,1,0,0,1,0,0,0,22,-1,0,0,5,0
1932,United States,Mexico,72,0,2,0,1,0,0,2,0,0,0,21,-1,2,0,70,0
1932,United States,Netherlands,46,266,8,19,7,2,6,5,9,1,4,14,8,15,44,31,222
1932,United States,New Zealand,21,9,1,1,4,0,1,1,0,0,0,22,24,1,3,20,6
1932,United States,Philippines,8,4,3,1,2,0,0,0,0,3,1,25,32,0,0,8,4
1932,United States,Poland,51,93,9,5,3,3,1,2,1,4,3,10,21,9,11,42,82
1932,United States,South Africa,12,24,5,3,6,2,1,0,0,3,2,15,23,2,6,10,18
1932,United States,Spain,7,80,1,1,4,0,1,0,0,1,0,26,24,0,0,7,80
1932,United States,Sweden,81,100,24,25,7,10,7,5,6,9,12,4,4,3,13,78,87
1932,United States,Switzerland,7,133,1,15,7,0,7,1,4,0,4,22,6,0,1,7,132
1932,United States,United States,463,277,110,56,9,44,22,36,18,30,16,1,1,74,44,389,233
1932,United States,Uruguay,2,17,1,1,3,0,1,0,0,1,0,26,24,0,0,2,17
1936,Germany,Argentina,51,33,7,4,4,2,3,2,1,3,0,14,12,1,0,50,33
1936,Germany,Australia,32,13,1,5,8,0,3,0,1,1,1,30,11,4,4,28,9
1936,Germany,Austria,234,19,17,5,9,5,1,7,1,5,3,10,18,17,2,217,17
1936,Germany,Belgium,150,36,3,1,8,0,0,0,0,3,1,28,26,5,7,145,29
1936,Germany,Canada,97,102,9,16,9,1,2,3,5,5,9,17,13,18,17,79,85
1936,Germany,Czechoslovakia,189,25,9,6,5,3,1,5,3,1,2,13,17,14,0,175,25
1936,Germany,Denmark,121,43,5,8,9,0,0,2,5,3,3,23,20,16,8,105,35
1936,Germany,Egypt,53,32,5,4,2,2,2,1,1,2,1,16,17,0,0,53,32
1936,Germany,Estonia,33,20,7,5,4,2,2,2,1,3,2,14,16,0,0,33,20
1936,Germany,Finland,108,40,20,25,7,8,5,6,8,6,12,5,8,5,0,103,40
1936,Germany,France,201,103,19,20,10,7,11,6,5,6,4,6,3,11,6,190,97
1936,Germany,Germany,433,145,101,24,8,38,5,31,12,32,7,1,7,44,9,389,136
1936,Germany,Great Britain,208,107,14,17,10,4,5,7,7,3,5,12,9,37,17,171,90
1936,Germany,Hungary,216,58,16,16,9,10,6,1,5,5,5,3,6,19,2,197,56
1936,Germany,India,27,19,1,1,4,1,1,0,0,0,0,20,19,0,0,27,19
1936,Germany,Italy,244,112,27,36,8,9,12,13,12,5,12,4,2,16,0,228,112
1936,Germany,Japan,220,157,20,18,5,6,7,4,7,10,4,8,5,19,18,201,139
1936,Germany,Latvia,29,5,2,1,2,0,0,1,1,1,0,24,22,0,0,29,5
1936,Germany,Mexico,32,72,3,2,2,0,0,0,2,3,0,28,21,0,2,32,70
1936,Germany,Netherlands,165,46,17,8,8,6,2,4,5,7,1,9,14,21,15,144,31
1936,Germany,New Zealand,7,21,1,1,5,1,0,0,1,0,0,20,22,0,1,7,20
1936,Germany,Norway,70,52,6,4,8,1,1,3,2,2,1,18,19,2,0,68,52
1936,Germany,Philippines,28,8,1,3,3,0,0,0,0,1,3,30,25,0,0,28,8
1936,Germany,Poland,144,51,9,9,4,0,3,4,2,5,4,22,10,17,9,127,42
1936,Germany,Portugal,19,31,1,1,3,0,0,0,0,1,1,30,32,0,0,19,31
1936,Germany,Romania,54,35,1,1,2,0,0,1,0,0,1,25,23,2,0,52,35
1936,Germany,South Africa,32,12,1,5,7,0,2,1,0,0,3,25,15,5,2,27,10
1936,Germany,Sweden,169,81,21,24,8,6,10,5,5,10,9,7,4,8,3,161,78
1936,Germany,Switzerland,190,7,18,1,8,4,0,9,1,5,0,11,22,6,0,184,7
1936,Germany,Turkey,48,0,2,0,1,1,0,0,0,1,0,19,-1,2,0,46,0
1936,Germany,United States,352,463,57,110,10,24,44,21,36,12,30,2,1,46,74,306,389
1936,Germany,Yugoslavia,93,34,1,5,3,0,1,1,1,0,3,25,21,15,0,78,34
1948,United Kingdom,Argentina,199,51,7,7,5,3,2,3,2,1,3,13,14,11,1,188,50
1948,United Kingdom,Australia,75,32,13,1,9,2,0,6,0,5,1,14,30,9,4,66,28
1948,United Kingdom,Austria,148,234,4,17,10,1,5,0,7,3,5,21,10,32,17,116,217
1948,United Kingdom,Belgium,151,150,7,3,9,2,0,2,0,3,3,15,28,20,5,131,145
1948,United Kingdom,Brazil,70,19,1,3,2,0,1,0,1,1,1,34,15,11,0,59,19
1948,United Kingdom,Canada,127,97,3,9,10,0,1,1,3,2,5,25,17,21,18,106,79
1948,United Kingdom,Ceylon,0,0,1,0,1,0,0,1,0,0,0,28,-1,0,0,0,0
1948,United Kingdom,Cuba,53,3,1,3,3,0,3,1,0,0,0,28,4,0,0,53,3
1948,United Kingdom,Czechoslovakia,87,189,11,9,6,6,3,2,5,3,1,8,13,14,14,73,175
1948,United Kingdom,Denmark,160,121,20,5,10,5,0,7,2,8,3,10,23,18,16,142,105
1948,United Kingdom,Egypt,85,53,5,5,3,2,2,2,1,1,2,16,16,0,0,85,53
1948,United Kingdom,Finland,129,108,20,20,8,8,8,7,6,5,6,6,5,6,5,123,103
1948,United Kingdom,France,316,201,29,19,11,10,7,6,6,13,6,3,6,37,11,279,190
1948,United Kingdom,Great Britain,406,208,23,14,11,3,4,14,7,6,3,12,12,69,37,337,171
1948,United Kingdom,Hungary,128,216,27,16,10,10,10,5,1,12,5,4,3,21,19,107,197
1948,United Kingdom,India,79,27,1,1,5,1,1,0,0,0,0,22,20,0,0,79,27
1948,United Kingdom,Iran,36,0,1,0,1,0,0,0,0,1,0,34,-1,0,0,36,0
1948,United Kingdom,Italy,215,244,27,27,9,8,9,11,13,8,5,5,4,21,16,194,228
1948,United Kingdom,Jamaica,13,0,3,0,1,1,0,2,0,0,0,20,-1,4,0,9,0
1948,United Kingdom,Mexico,88,32,5,3,3,2,0,1,0,2,3,17,28,7,0,81,32
1948,United Kingdom,Netherlands,149,165,16,17,9,5,6,2,4,9,7,11,9,34,21,115,144
1948,United Kingdom,Norway,81,70,7,6,9,1,1,3,3,3,2,19,18,4,2,77,68
1948,United Kingdom,Panama,1,0,2,0,1,0,0,0,0,2,0,32,-1,0,0,1,0
1948,United Kingdom,Peru,41,0,1,0,1,1,0,0,0,0,0,22,-1,0,0,41,0
1948,United Kingdom,Poland,38,144,1,9,5,0,0,0,4,1,5,34,22,7,17,31,127
1948,United Kingdom,Portugal,48,19,2,1,4,0,0,1,0,1,1,26,30,0,0,48,19
1948,United Kingdom,Puerto Rico,9,0,1,0,1,0,0,0,0,1,0,34,-1,0,0,9,0
1948,United Kingdom,South Africa,35,32,4,1,8,2,0,1,1,1,0,18,25,1,5,34,27
1948,United Kingdom,South Korea,46,0,2,0,1,0,0,0,0,2,0,32,-1,1,0,45,0
1948,United Kingdom,Spain,65,7,1,1,5,0,0,1,0,0,1,28,26,0,0,65,7
1948,United Kingdom,Sweden,180,169,44,21,9,16,6,11,5,17,10,2,7,19,8,161,161
1948,United Kingdom,Switzerland,186,190,20,18,9,5,4,10,9,5,5,9,11,8,6,178,184
1948,United Kingdom,Trinidad and Tobago,5,0,1,0,1,0,0,1,0,0,0,28,-1,0,0,5,0
1948,United Kingdom,Turkey,58,48,12,2,2,6,1,4,0,2,1,7,19,1,2,57,46
1948,United Kingdom,United States,289,352,84,57,11,38,24,27,21,19,12,1,2,38,46,251,306
1948,United Kingdom,Uruguay,61,2,2,1,4,0,0,1,0,1,1,26,26,1,0,60,2
1948,United Kingdom,Yugoslavia,90,93,2,1,4,0,0,2,1,0,0,24,25,11,15,79,78
1952,Finland,Argentina,123,199,5,7,6,1,3,2,3,2,1,19,13,8,11,115,188
1952,Finland,Australia,81,75,11,13,10,6,2,2,6,3,5,9,14,10,9,71,66
1952,Finland,Austria,112,148,2,4,11,0,1,1,0,1,3,32,21,21,32,91,116
1952,Finland,Belgium,134,151,4,7,10,2,2,2,2,0,3,14,15,5,20,129,131
1952,Finland,Brazil,97,70,3,1,3,1,0,0,0,2,1,24,34,5,11,92,59
1952,Finland,Bulgaria,63,0,1,0,1,0,0,0,0,1,0,40,-1,9,0,54,0
1952,Finland,Canada,107,127,3,3,11,1,0,2,1,0,2,21,25,10,21,97,106
1952,Finland,Chile,59,38,2,1,2,0,0,2,1,0,0,31,30,4,0,55,38
1952,Finland,Czechoslovakia,99,87,13,11,7,7,6,3,2,3,3,6,8,13,14,86,73
1952,Finland,Denmark,128,160,6,20,11,2,5,1,7,3,8,15,10,14,18,114,142
1952,Finland,Egypt,106,85,1,5,4,0,2,0,2,1,1,40,16,0,0,106,85
1952,Finland,Finland,258,129,22,20,9,6,8,3,7,13,5,8,6,30,6,228,123
1952,Finland,France,245,316,18,29,12,6,10,6,6,6,13,7,3,31,37,214,279
1952,Finland,Germany,205,433,24,101,9,0,38,7,31,17,32,28,1,32,44,173,389
1952,Finland,Great Britain,256,406,11,23,12,1,3,2,14,8,6,18,12,44,69,212,337
1952,Finland,Hungary,188,128,42,27,11,16,10,10,5,16,12,3,4,27,21,161,107
1952,Finland,India,64,79,2,1,6,1,1,0,0,1,0,26,22,4,0,60,79
1952,Finland,Iran,22,36,7,1,2,0,0,3,0,4,1,30,34,0,0,22,36
1952,Finland,Ireland,19,16,1,2,3,0,2,1,0,0,0,34,16,0,2,19,14
1952,Finland,Italy,231,215,21,27,10,8,8,9,11,4,8,5,5,23,21,208,194
1952,Finland,Jamaica,8,13,5,3,2,2,1,3,2,0,0,13,20,2,4,6,9
1952,Finland,Japan,69,220,9,20,6,1,6,6,4,2,10,17,8,11,19,58,201
1952,Finland,Lebanon,0,0,2,0,1,0,0,1,0,1,0,32,-1,0,0,0,0
1952,Finland,Luxembourg,44,25,1,1,3,1,0,0,1,0,0,27,19,0,0,44,25
1952,Finland,Mexico,64,88,1,5,4,0,2,1,1,0,2,34,17,3,7,61,81
1952,Finland,Netherlands,104,149,5,16,10,0,5,5,2,0,9,29,11,26,34,78,115
1952,Finland,New Zealand,14,7,3,1,6,1,1,0,0,2,0,24,20,2,0,12,7
1952,Finland,Norway,102,81,5,7,10,3,1,2,3,0,3,10,19,6,4,96,77
1952,Finland,Poland,125,38,4,1,6,1,0,2,0,1,1,20,34,22,7,103,31
1952,Finland,Portugal,71,48,1,2,5,0,0,0,1,1,1,40,26,3,0,68,48
1952,Finland,Romania,114,54,4,1,3,1,0,1,1,2,0,23,25,11,2,103,52
1952,Finland,South Africa,64,35,10,4,9,2,2,4,1,4,1,12,18,4,1,60,34
1952,Finland,South Korea,19,46,2,2,2,0,0,0,0,2,2,37,32,1,1,18,45
1952,Finland,Soviet Union,295,0,71,0,1,22,0,30,0,19,0,2,-1,40,0,255,0
1952,Finland,Spain,27,65,1,1,6,0,0,1,1,0,0,34,28,0,0,27,65
1952,Finland,Sweden,205,180,35,44,10,12,16,13,11,10,17,4,2,23,19,182,161
1952,Finland,Switzerland,157,186,14,20,10,2,5,6,10,6,5,11,9,9,8,148,178
1952,Finland,Trinidad and Tobago,2,5,2,1,2,0,0,0,1,2,0,37,28,0,0,2,5
1952,Finland,Turkey,51,58,3,12,3,2,6,0,4,1,2,16,7,0,1,51,57
1952,Finland,United States,279,289,76,84,12,40,38,19,27,17,19,1,1,41,38,238,251
1952,Finland,Uruguay,32,61,2,2,5,0,0,0,1,2,1,37,26,1,1,31,60
1952,Finland,Venezuela,38,0,1,0,1,0,0,0,0,1,0,40,-1,2,0,36,0
1952,Finland,Yugoslavia,87,90,3,2,5,1,0,2,2,0,0,21,24,10,11,77,79
1956,Australia,Argentina,35,123,2,5,7,0,1,1,2,1,2,29,19,1,8,34,115
1956,Australia,Australia,298,81,35,11,11,13,6,8,2,14,3,3,9,44,10,254,71
1956,Australia,Austria,34,112,2,2,12,0,0,0,1,2,1,34,32,5,21,29,91
1956,Australia,Bahamas,4,0,1,0,1,0,0,0,0,1,0,35,-1,0,0,4,0
1956,Australia,Belgium,57,134,2,4,11,0,2,2,2,0,0,28,14,4,5,53,129
1956,Australia,Brazil,47,97,1,3,4,1,1,0,0,0,2,24,24,1,5,46,92
1956,Australia,Bulgaria,46,63,5,1,2,1,0,3,0,1,1,19,40,3,9,43,54
1956,Australia,Canada,96,107,6,3,12,2,1,1,2,3,0,15,21,15,10,81,97
1956,Australia,Chile,33,59,4,2,3,0,0,2,2,2,0,27,31,2,4,31,55
1956,Australia,Czechoslovakia,63,99,6,13,8,1,7,4,3,1,3,18,6,12,13,51,86
1956,Australia,Denmark,37,128,4,6,12,1,2,2,1,1,3,20,15,6,14,31,114
1956,Australia,Finland,71,258,15,22,10,3,6,1,3,11,13,13,8,1,30,70,228
1956,Australia,France,145,245,14,18,13,4,6,4,6,6,6,11,7,18,31,127,214
1956,Australia,Great Britain,197,256,24,11,13,6,1,7,2,11,8,8,18,29,44,168,212
1956,Australia,Greece,13,47,1,1,6,0,0,0,1,1,0,35,19,0,0,13,47
1956,Australia,Hungary,111,188,26,42,12,9,16,10,10,7,16,4,3,20,27,91,161
1956,Australia,Iceland,2,0,1,0,1,0,0,1,0,0,0,31,-1,0,0,2,0
1956,Australia,India,58,64,1,2,7,1,1,0,0,0,1,24,26,1,4,57,60
1956,Australia,Iran,17,22,5,7,3,2,0,2,3,1,4,14,30,0,0,17,22
1956,Australia,Ireland,18,19,5,1,4,1,0,1,1,3,0,21,34,1,0,17,19
1956,Australia,Italy,135,231,25,21,11,8,8,8,9,9,4,5,5,15,23,120,208
1956,Australia,Japan,112,69,19,9,7,4,1,10,6,5,2,10,17,16,11,96,58
1956,Australia,Mexico,24,64,2,1,5,1,0,0,1,1,0,23,34,3,3,21,61
1956,Australia,New Zealand,51,14,2,3,7,2,1,0,0,0,2,16,24,8,2,43,12
1956,Australia,Norway,22,102,3,5,11,1,3,0,2,2,0,22,10,3,6,19,96
1956,Australia,Pakistan,53,0,1,0,1,0,0,1,0,0,0,31,-1,0,0,53,0
1956,Australia,Poland,64,125,9,4,7,1,1,4,2,4,1,17,20,15,22,49,103
1956,Australia,Romania,50,114,13,4,4,5,1,3,1,5,2,9,23,11,11,39,103
1956,Australia,South Africa,50,64,4,10,10,0,2,0,4,4,4,33,12,6,4,44,60
1956,Australia,South Korea,35,19,2,2,3,0,0,1,0,1,2,29,37,0,1,35,18
1956,Australia,Soviet Union,281,295,98,71,2,37,22,29,30,32,19,1,2,39,40,242,255
1956,Australia,Sweden,97,205,19,35,11,8,12,5,13,6,10,6,4,14,23,83,182
1956,Australia,Switzerland,9,157,1,14,11,0,2,0,6,1,6,35,11,0,9,9,148
1956,Australia,Turkey,19,51,7,3,4,3,2,2,0,2,1,12,16,0,0,19,51
1956,Australia,United States,300,279,74,76,13,32,40,25,19,17,17,2,1,47,41,253,238
1956,Australia,United Team of Germany,0,0,26,0,1,6,0,13,0,7,0,7,-1,0,0,0,0
1956,Australia,Uruguay,21,32,1,2,6,0,0,0,0,1,2,35,37,0,1,21,31
1956,Australia,Yugoslavia,35,87,3,3,6,0,1,3,2,0,0,26,21,3,10,32,77
1960,Italy,Argentina,92,35,2,2,8,0,0,1,1,1,1,30,29,1,1,91,34
1960,Italy,Australia,189,298,22,35,12,8,13,8,8,6,14,5,3,29,44,160,254
1960,Italy,Austria,103,34,2,2,13,1,0,1,0,0,2,18,34,21,5,82,29
1960,Italy,Belgium,100,57,4,2,12,0,0,2,2,2,0,26,28,8,4,92,53
1960,Italy,Brazil,72,47,2,1,5,0,1,0,0,2,0,39,24,1,1,71,46
1960,Italy,British West Indies,0,0,2,0,1,0,0,0,0,2,0,39,-1,0,0,0,0
1960,Italy,Bulgaria,97,46,7,5,3,1,1,3,3,3,1,15,19,9,3,88,43
1960,Italy,Canada,85,96,1,6,13,0,2,1,1,0,3,32,15,11,15,74,81
1960,Italy,Czechoslovakia,116,63,8,6,9,3,1,2,4,3,1,10,18,17,12,99,51
1960,Italy,Denmark,99,37,6,4,13,2,1,3,2,1,1,13,20,12,6,87,31
1960,Italy,Egypt,0,106,2,1,5,0,0,1,0,1,1,30,40,0,0,0,106
1960,Italy,Ethiopia,10,0,1,0,1,1,0,0,0,0,0,21,-1,0,0,10,0
1960,Italy,Finland,117,71,5,15,11,1,3,1,1,3,11,17,13,10,1,107,70
1960,Italy,Formosa,27,0,1,0,1,0,0,1,0,0,0,32,-1,3,0,24,0
1960,Italy,France,238,145,5,14,14,0,4,2,4,3,6,25,11,28,18,210,127
1960,Italy,Ghana,13,0,1,0,1,0,0,1,0,0,0,32,-1,0,0,13,0
1960,Italy,Great Britain,253,197,20,24,14,2,6,6,7,12,11,12,8,47,29,206,168
1960,Italy,Greece,48,13,1,1,7,1,0,0,0,0,1,21,35,0,0,48,13
1960,Italy,Hungary,183,111,21,26,13,6,9,8,10,7,7,7,4,27,20,156,91
1960,Italy,India,45,58,1,1,8,0,1,1,0,0,0,32,24,0,1,45,57
1960,Italy,Iran,23,17,4,5,4,0,2,1,2,3,1,27,14,0,0,23,17
1960,Italy,Iraq,21,0,1,0,1,0,0,0,0,1,0,41,-1,0,0,21,0
1960,Italy,Italy,280,135,36,25,12,13,8,10,8,13,9,3,5,34,15,246,120
1960,Italy,Japan,161,112,18,19,8,4,4,7,10,7,5,8,10,20,16,141,96
1960,Italy,Mexico,69,24,1,2,6,0,1,0,0,1,1,41,23,6,3,63,21
1960,Italy,Morocco,47,0,1,0,1,0,0,1,0,0,0,32,-1,0,0,47,0
1960,Italy,Netherlands,110,104,3,5,11,0,0,1,5,2,0,28,29,30,26,80,78
1960,Italy,New Zealand,37,51,3,2,8,2,2,0,0,1,0,14,16,4,8,33,43
1960,Italy,Norway,40,22,1,3,12,1,1,0,0,0,2,21,22,1,3,39,19
1960,Italy,Pakistan,43,53,2,1,2,1,0,0,1,1,0,20,31,0,0,43,53
1960,Italy,Poland,185,64,21,9,8,4,1,6,4,11,4,9,17,29,15,156,49
1960,Italy,Portugal,65,71,1,1,6,0,0,1,0,0,1,32,40,5,3,60,68
1960,Italy,Romania,98,50,10,13,5,3,5,1,3,6,5,11,9,16,11,82,39
1960,Italy,Singapore,5,0,1,0,1,0,0,1,0,0,0,32,-1,0,0,5,0
1960,Italy,South Africa,55,50,3,4,11,0,0,1,0,2,4,28,33,2,6,53,44
1960,Italy,Soviet Union,283,281,103,98,3,43,37,29,29,31,32,1,1,50,39,233,242
1960,Italy,Spain,143,27,1,1,7,0,0,0,1,1,0,41,34,11,0,132,27
1960,Italy,Sweden,133,97,6,19,12,1,8,2,5,3,6,16,6,19,14,114,83
1960,Italy,Switzerland,149,9,6,1,12,0,0,3,0,3,1,24,35,2,0,147,9
1960,Italy,Turkey,49,19,9,7,5,7,3,2,2,0,2,6,12,3,0,46,19
1960,Italy,United States,289,300,71,74,14,34,32,21,25,16,17,2,2,51,47,238,253
1960,Italy,United Team of Germany,0,0,42,26,2,12,6,19,13,11,7,4,7,0,0,0,0
1960,Italy,Venezuela,36,38,1,1,2,0,0,0,0,1,1,41,40,5,2,31,36
1960,Italy,Yugoslavia,116,35,2,3,7,1,0,1,3,0,0,18,26,9,3,107,32
1964,Japan,Argentina,102,92,1,2,9,0,0,1,1,0,1,30,30,6,1,96,91
1964,Japan,Australia,243,189,18,22,13,6,8,2,8,10,6,8,5,40,29,203,160
1964,Japan,Bahamas,11,4,1,1,2,1,0,0,0,0,1,24,35,0,0,11,4
1964,Japan,Belgium,61,100,3,4,13,2,0,0,2,1,2,20,26,1,8,60,92
1964,Japan,Brazil,61,72,1,2,6,0,0,0,0,1,2,35,39,1,1,60,71
1964,Japan,Bulgaria,63,97,10,7,4,3,1,5,3,2,3,11,15,7,9,56,88
1964,Japan,Canada,115,85,4,1,14,1,0,2,1,1,0,22,32,20,11,95,74
1964,Japan,Cuba,27,53,1,1,4,0,0,1,1,0,0,30,28,2,0,25,53
1964,Japan,Czechoslovakia,104,116,14,8,10,5,3,6,2,3,3,9,10,9,17,95,99
1964,Japan,Denmark,60,99,6,6,14,2,2,1,3,3,1,18,13,7,12,53,87
1964,Japan,Ethiopia,12,10,1,1,2,1,1,0,0,0,0,24,21,0,0,12,10
1964,Japan,Finland,89,117,5,5,12,3,1,0,1,2,3,12,17,5,10,84,107
1964,Japan,France,138,238,15,5,15,1,0,8,2,6,3,21,25,20,28,118,210
1964,Japan,Ghana,33,13,1,1,2,0,0,0,1,1,0,35,32,3,0,30,13
1964,Japan,Great Britain,204,253,18,20,15,4,2,12,6,2,12,10,12,44,47,160,206
1964,Japan,Hungary,182,183,22,21,14,10,6,7,8,5,7,6,7,32,27,150,156
1964,Japan,India,52,45,1,1,9,1,0,0,1,0,0,24,32,1,0,51,45
1964,Japan,Iran,62,23,2,4,5,0,0,0,1,2,3,34,27,4,0,58,23
1964,Japan,Ireland,25,18,1,5,5,0,1,0,1,1,3,35,21,1,1,24,17
1964,Japan,Italy,167,280,27,36,13,10,13,10,10,7,13,5,3,11,34,156,246
1964,Japan,Japan,328,161,29,18,9,16,4,5,7,8,7,3,8,58,20,270,141
1964,Japan,Kenya,37,0,1,0,1,0,0,0,0,1,0,35,-1,0,0,37,0
1964,Japan,Mexico,93,69,1,1,7,0,0,0,0,1,1,35,41,4,6,89,63
1964,Japan,Netherlands,125,110,10,3,12,2,0,4,1,4,2,15,28,20,30,105,80
1964,Japan,New Zealand,63,37,5,3,9,3,2,0,0,2,1,12,14,8,4,55,33
1964,Japan,Nigeria,18,0,1,0,1,0,0,0,0,1,0,35,-1,2,0,16,0
1964,Japan,Pakistan,41,43,1,2,3,0,1,1,0,0,1,30,20,0,0,41,43
1964,Japan,Philippines,47,28,1,1,4,0,0,1,0,0,1,30,30,7,0,40,28
1964,Japan,Poland,139,185,23,21,9,7,4,6,6,10,11,7,9,25,29,114,156
1964,Japan,Romania,138,98,12,10,6,2,3,4,1,6,6,14,11,30,16,108,82
1964,Japan,South Korea,153,35,3,2,4,0,0,2,1,1,1,27,29,26,0,127,35
1964,Japan,Soviet Union,316,283,96,103,4,30,43,31,29,35,31,2,1,63,50,253,233
1964,Japan,Sweden,94,133,8,6,13,2,1,2,2,4,3,17,16,18,19,76,114
1964,Japan,Switzerland,66,149,4,6,13,1,0,2,3,1,3,22,24,1,2,65,147
1964,Japan,Trinidad and Tobago,13,2,3,2,3,0,0,1,0,2,2,28,37,0,0,13,2
1964,Japan,Tunisia,9,0,2,0,1,0,0,1,0,1,0,29,-1,0,0,9,0
1964,Japan,Turkey,23,49,6,9,6,2,7,3,2,1,0,16,6,0,3,23,46
1964,Japan,United States,344,289,90,71,15,36,34,26,21,28,16,1,2,79,51,265,238
1964,Japan,United Team of Germany,0,0,50,42,3,10,12,22,19,18,11,4,4,0,0,0,0
1964,Japan,Uruguay,23,21,1,1,7,0,0,0,0,1,1,35,35,0,0,23,21
1964,Japan,Yugoslavia,75,116,5,2,8,2,1,1,1,2,0,19,18,3,9,72,107
1968,Mexico,Argentina,89,102,2,1,10,0,0,0,1,2,0,41,30,5,6,84,96
1968,Mexico,Australia,128,243,17,18,14,5,6,7,2,5,10,9,8,24,40,104,203
1968,Mexico,Austria,43,103,4,2,14,0,1,2,1,2,0,32,18,8,21,35,82
1968,Mexico,Belgium,82,61,2,3,14,0,2,1,0,1,1,36,20,5,1,77,60
1968,Mexico,Brazil,75,61,3,1,7,0,0,1,0,2,1,35,35,3,1,72,60
1968,Mexico,Bulgaria,112,63,9,10,5,2,3,4,5,3,2,18,11,10,7,102,56
1968,Mexico,Cameroon,5,0,1,0,1,0,0,1,0,0,0,39,-1,0,0,5,0
1968,Mexico,Canada,139,115,5,4,15,1,1,3,2,1,1,23,22,28,20,111,95
1968,Mexico,Cuba,115,27,4,1,5,0,0,4,1,0,0,31,30,14,2,101,25
1968,Mexico,Czechoslovakia,121,104,13,14,11,7,5,2,6,4,3,7,9,27,9,94,95
1968,Mexico,Denmark,62,60,8,6,15,1,2,4,1,3,3,22,18,4,7,58,53
1968,Mexico,East Germany,225,0,25,0,1,9,0,9,0,7,0,5,-1,40,0,185,0
1968,Mexico,Ethiopia,18,12,2,1,3,1,1,1,0,0,0,25,24,0,0,18,12
1968,Mexico,Finland,66,89,4,5,13,1,3,2,0,1,2,24,12,6,5,60,84
1968,Mexico,France,200,138,15,15,16,7,1,3,8,5,6,6,21,31,20,169,118
1968,Mexico,Great Britain,225,204,13,18,16,5,4,5,12,3,2,10,10,50,44,175,160
1968,Mexico,Greece,44,48,1,1,8,0,1,0,0,1,0,42,21,0,0,44,48
1968,Mexico,Hungary,166,182,32,22,15,10,10,10,7,12,5,4,6,32,32,134,150
1968,Mexico,India,23,52,1,1,10,0,1,0,0,1,0,42,24,0,1,23,51
1968,Mexico,Iran,14,62,5,2,6,2,0,1,0,2,2,19,34,0,4,14,58
1968,Mexico,Italy,167,167,16,27,14,3,10,4,10,9,7,13,5,15,11,152,156
1968,Mexico,Jamaica,25,8,1,5,3,0,2,1,3,0,0,39,13,5,2,20,6
1968,Mexico,Japan,171,328,25,29,10,11,16,7,5,7,8,3,3,25,58,146,270
1968,Mexico,Kenya,39,37,9,1,2,3,0,4,0,2,1,14,35,3,0,36,37
1968,Mexico,Mexico,272,93,9,1,8,3,0,3,0,3,1,15,35,42,4,230,89
1968,Mexico,Mongolia,16,0,4,0,1,0,0,1,0,3,0,34,-1,4,0,12,0
1968,Mexico,Netherlands,107,125,7,10,13,3,2,3,4,1,4,17,15,25,20,82,105
1968,Mexico,New Zealand,52,63,3,5,10,1,3,0,0,2,2,27,12,5,8,47,55
1968,Mexico,Norway,46,40,2,1,13,1,1,1,0,0,0,25,21,8,1,38,39
1968,Mexico,Pakistan,15,41,1,1,4,1,0,0,1,0,0,29,30,0,0,15,41
1968,Mexico,Poland,177,139,18,23,10,5,7,2,6,11,10,11,7,37,25,140,114
1968,Mexico,Romania,82,138,15,12,7,4,2,6,4,5,6,12,14,16,30,66,108
1968,Mexico,South Korea,54,153,2,3,5,0,0,1,2,1,1,36,27,13,26,41,127
1968,Mexico,Soviet Union,311,316,91,96,5,29,30,32,31,30,35,2,2,66,63,245,253
1968,Mexico,Sweden,100,94,4,8,14,2,2,1,2,1,4,20,17,14,18,86,76
1968,Mexico,Switzerland,85,66,5,4,14,0,1,1,2,4,1,33,22,4,1,81,65
1968,Mexico,Taiwan,43,0,1,0,1,0,0,0,0,1,0,42,-1,8,0,35,0
1968,Mexico,Tunisia,7,9,2,2,2,1,0,0,1,1,1,28,29,0,0,7,9
1968,Mexico,Turkey,29,23,2,6,7,2,2,0,3,0,1,21,16,0,0,29,23
1968,Mexico,Uganda,11,0,2,0,1,0,0,1,0,1,0,36,-1,0,0,11,0
1968,Mexico,United States,355,344,107,90,16,45,36,28,26,34,28,1,1,83,79,272,265
1968,Mexico,Venezuela,23,36,1,1,3,1,0,0,0,0,1,29,41,0,5,23,31
1968,Mexico,West Germany,275,0,26,0,1,5,0,11,0,10,0,8,-1,43,0,232,0
1968,Mexico,Yugoslavia,69,75,8,5,9,3,2,3,1,2,2,16,19,10,3,59,72
1972,West Germany,Argentina,92,89,1,2,11,0,0,1,0,0,2,33,41,4,5,88,84
1972,West Germany,Australia,168,128,17,17,15,8,5,7,7,2,5,6,9,29,24,139,104
1972,West Germany,Austria,111,43,3,4,15,0,0,1,2,2,2,31,32,14,8,97,35
1972,West Germany,Belgium,88,82,2,2,15,0,0,2,1,0,1,29,36,6,5,82,77
1972,West Germany,Brazil,80,75,2,3,8,0,0,0,1,2,2,41,35,3,3,77,72
1972,West Germany,Bulgaria,129,112,21,9,6,6,2,10,4,5,3,9,18,24,10,105,102
1972,West Germany,Canada,207,139,5,5,16,0,1,2,3,3,1,27,23,50,28,157,111
1972,West Germany,Colombia,59,0,3,0,1,0,0,1,0,2,0,31,-1,4,0,55,0
1972,West Germany,Cuba,137,115,8,4,6,3,0,1,4,4,0,14,31,28,14,109,101
1972,West Germany,Czechoslovakia,181,121,8,13,12,2,7,4,2,2,4,18,7,36,27,145,94
1972,West Germany,Denmark,126,62,1,8,16,1,1,0,4,0,3,25,22,12,4,114,58
1972,West Germany,East Germany,297,225,66,25,2,20,9,23,9,23,7,3,5,66,40,231,185
1972,West Germany,Ethiopia,31,18,2,2,4,0,1,0,1,2,0,41,25,0,0,31,18
1972,West Germany,Finland,96,66,8,4,14,3,1,1,2,4,1,14,24,7,6,89,60
1972,West Germany,France,227,200,13,15,17,2,7,4,3,7,5,17,6,30,31,197,169
1972,West Germany,Ghana,35,33,1,1,3,0,0,0,0,1,1,43,35,2,3,33,30
1972,West Germany,Great Britain,284,225,18,13,17,4,5,5,5,9,3,12,10,74,50,210,175
1972,West Germany,Greece,60,44,2,1,9,0,0,2,0,0,1,29,42,2,0,58,44
1972,West Germany,Hungary,226,166,35,32,16,6,10,13,10,16,12,8,4,45,32,181,134
1972,West Germany,India,41,23,1,1,11,0,0,0,0,1,1,43,42,1,0,40,23
1972,West Germany,Iran,48,14,3,5,7,0,2,2,1,1,2,28,19,0,0,48,14
1972,West Germany,Italy,223,167,18,16,15,5,3,3,4,10,9,10,13,27,15,196,152
1972,West Germany,Jamaica,32,25,1,1,4,0,0,0,1,1,0,43,39,12,5,20,20
1972,West Germany,Japan,184,171,29,25,11,13,11,8,7,8,7,5,3,36,25,148,146
1972,West Germany,Kenya,57,39,9,9,3,2,3,3,4,4,2,19,14,2,3,55,36
1972,West Germany,Lebanon,0,0,1,2,2,0,0,1,1,0,1,33,32,0,0,0,0
1972,West Germany,Mexico,171,272,1,9,9,0,3,1,3,0,3,33,15,22,42,149,230
1972,West Germany,Mongolia,39,16,1,4,2,0,0,1,1,0,3,33,34,2,4,37,12
1972,West Germany,Netherlands,119,107,5,7,14,3,3,1,3,1,1,16,17,29,25,90,82
1972,West Germany,New Zealand,89,52,3,3,11,1,1,1,0,1,2,23,27,7,5,82,47
1972,West Germany,Niger,4,0,1,0,1,0,0,0,0,1,0,43,-1,0,0,4,0
1972,West Germany,Nigeria,25,18,1,1,2,0,0,0,0,1,1,43,35,5,2,20,16
1972,West Germany,North Korea,37,0,5,0,1,1,0,1,0,3,0,22,-1,14,0,23,0
1972,West Germany,Norway,112,46,4,2,14,2,1,1,1,1,0,21,25,11,8,101,38
1972,West Germany,Pakistan,24,15,1,1,5,0,1,1,0,0,0,33,29,0,0,24,15
1972,West Germany,Poland,290,177,21,18,11,7,5,5,2,9,11,7,11,38,37,252,140
1972,West Germany,Romania,159,82,16,15,8,3,4,6,6,7,5,13,12,27,16,132,66
1972,West Germany,South Korea,42,54,1,2,6,0,0,1,1,0,1,33,36,10,13,32,41
1972,West Germany,Soviet Union,371,311,99,91,6,50,29,27,32,22,30,1,2,73,66,298,245
1972,West Germany,Spain,122,143,1,1,8,0,0,0,0,1,1,43,41,5,11,117,132
1972,West Germany,Sweden,131,100,16,4,15,4,2,6,1,6,1,11,20,27,14,104,86
1972,West Germany,Switzerland,151,85,3,5,15,0,0,3,1,0,4,26,33,29,4,122,81
1972,West Germany,Tunisia,35,7,1,2,3,0,1,1,0,0,1,33,28,0,0,35,7
1972,West Germany,Turkey,43,29,1,2,8,0,2,1,0,0,0,33,21,1,0,42,29
1972,West Germany,Uganda,33,11,2,2,2,1,0,1,1,0,1,24,36,2,0,31,11
1972,West Germany,United States,397,355,94,107,17,33,45,31,28,30,34,2,1,84,83,313,272
1972,West Germany,West Germany,424,275,40,26,2,13,5,11,11,16,10,4,8,83,43,341,232
1972,West Germany,Yugoslavia,126,69,5,8,10,2,3,1,3,2,2,20,16,13,10,113,59
1976,Canada,Australia,180,168,5,17,16,0,8,1,7,4,2,32,6,34,29,146,139
1976,Canada,Austria,60,111,1,3,16,0,0,0,1,1,2,37,31,6,14,54,97
1976,Canada,Belgium,101,88,6,2,16,0,0,3,2,3,0,28,29,26,6,75,82
1976,Canada,Bermuda,16,0,1,0,1,0,0,0,0,1,0,37,-1,1,0,15,0
1976,Canada,Brazil,79,80,2,2,9,0,0,0,0,2,2,36,41,7,3,72,77
1976,Canada,Bulgaria,155,129,22,21,7,6,6,9,10,7,5,7,9,52,24,103,105
1976,Canada,Canada,385,207,11,5,17,0,0,5,2,6,3,27,27,124,50,261,157
1976,Canada,Cuba,156,137,13,8,7,6,3,4,1,3,4,8,14,24,28,132,109
1976,Canada,Czechoslovakia,163,181,8,8,13,2,2,2,4,4,2,17,18,38,36,125,145
1976,Canada,Denmark,66,126,3,1,17,1,1,0,0,2,0,24,25,10,12,56,114
1976,Canada,East Germany,267,297,90,66,3,40,20,25,23,25,23,2,3,113,66,154,231
1976,Canada,Finland,83,96,6,8,15,4,3,2,1,0,4,11,14,6,7,77,89
1976,Canada,France,206,227,9,13,18,2,2,3,4,4,7,15,17,29,30,177,197
1976,Canada,Great Britain,242,284,13,18,18,3,4,5,5,5,9,13,12,66,74,176,210
1976,Canada,Hungary,177,226,22,35,17,4,6,5,13,13,16,10,8,54,45,123,181
1976,Canada,Iran,84,48,2,3,8,0,0,1,2,1,1,33,28,4,0,80,48
1976,Canada,Italy,209,223,13,18,16,2,5,7,3,4,10,14,10,27,27,182,196
1976,Canada,Jamaica,20,32,2,1,5,1,0,1,0,0,1,21,43,9,12,11,20
1976,Canada,Japan,213,184,25,29,12,9,13,6,8,10,8,5,5,60,36,153,148
1976,Canada,Mexico,96,171,2,1,10,1,0,0,1,1,0,25,33,5,22,91,149
1976,Canada,Mongolia,32,39,1,1,3,0,0,1,1,0,0,34,33,2,2,30,37
1976,Canada,Netherlands,108,119,5,5,15,0,3,2,1,3,1,29,16,36,29,72,90
1976,Canada,New Zealand,80,89,4,3,12,2,1,1,1,1,1,18,23,9,7,71,82
1976,Canada,North Korea,38,37,2,5,2,1,1,1,1,0,3,21,22,2,14,36,23
1976,Canada,Norway,66,112,2,4,15,1,2,1,1,0,1,21,21,6,11,60,101
1976,Canada,Pakistan,24,24,1,1,6,0,0,0,1,1,0,37,33,0,0,24,24
1976,Canada,Poland,207,290,26,21,12,7,7,6,5,13,9,6,7,27,38,180,252
1976,Canada,Portugal,19,65,2,1,7,0,0,2,1,0,0,30,32,0,5,19,60
1976,Canada,Puerto Rico,80,9,1,1,2,0,0,0,0,1,1,37,34,7,0,73,9
1976,Canada,Romania,157,159,27,16,9,4,3,9,6,14,7,9,13,54,27,103,132
1976,Canada,South Korea,50,42,6,1,7,1,0,1,1,4,0,19,33,12,10,38,32
1976,Canada,Soviet Union,408,371,125,99,7,49,50,41,27,35,22,1,1,125,73,283,298
1976,Canada,Spain,113,122,2,1,9,0,0,2,0,0,1,30,43,10,5,103,117
1976,Canada,Sweden,116,131,5,16,16,4,4,1,6,0,6,12,11,17,27,99,104
1976,Canada,Switzerland,50,151,4,3,16,1,0,1,3,2,0,20,26,3,29,47,122
1976,Canada,Thailand,42,0,1,0,1,0,0,0,0,1,0,37,-1,3,0,39,0
1976,Canada,Trinidad and Tobago,13,13,1,3,4,1,0,0,1,0,2,26,28,0,0,13,13
1976,Canada,United States,391,397,94,94,18,34,33,35,31,25,30,3,2,118,84,273,313
1976,Canada,Venezuela,32,23,1,1,4,0,1,1,0,0,0,34,29,9,0,23,23
1976,Canada,West Germany,290,424,39,40,3,10,13,12,11,17,16,4,4,57,83,233,341
1976,Canada,Yugoslavia,88,126,8,5,11,2,2,3,1,3,2,16,20,5,13,83,113
1980,Soviet Union,Australia,120,180,9,5,17,2,0,2,1,5,4,15,32,28,34,92,146
1980,Soviet Union,Austria,83,60,4,1,17,1,0,2,0,1,1,21,37,19,6,64,54
1980,Soviet Union,Belgium,59,101,1,6,17,1,0,0,3,0,3,23,28,16,26,43,75
1980,Soviet Union,Brazil,106,79,4,2,10,2,0,0,0,2,2,17,36,15,7,91,72
1980,Soviet Union,Bulgaria,270,155,41,22,8,8,6,16,9,17,7,3,7,88,52,182,103
1980,Soviet Union,Cuba,203,156,20,13,8,8,6,7,4,5,3,4,8,33,24,170,132
1980,Soviet Union,Czechoslovakia,209,163,14,8,14,2,2,3,2,9,4,13,17,47,38,162,125
1980,Soviet Union,Denmark,58,66,5,3,18,2,1,1,0,2,2,16,24,3,10,55,56
1980,Soviet Union,East Germany,346,267,126,90,4,47,40,37,25,42,25,2,2,124,113,222,154
1980,Soviet Union,Ethiopia,41,31,4,2,5,2,0,0,0,2,2,17,41,2,0,39,31
1980,Soviet Union,Finland,105,83,8,6,16,3,4,1,2,4,0,12,11,6,6,99,77
1980,Soviet Union,France,121,206,14,9,19,6,2,5,3,3,4,8,15,23,29,98,177
1980,Soviet Union,Great Britain,219,242,21,13,19,5,3,7,5,9,5,9,13,70,66,149,176
1980,Soviet Union,Greece,41,60,3,2,10,1,0,0,2,2,0,22,29,3,2,38,58
1980,Soviet Union,Guyana,8,0,1,0,1,0,0,0,0,1,0,35,-1,1,0,7,0
1980,Soviet Union,Hungary,260,177,32,22,18,7,4,10,5,15,13,6,10,81,54,179,123
1980,Soviet Union,India,71,41,1,1,12,1,0,0,0,0,1,23,43,16,1,55,40
1980,Soviet Union,Ireland,47,25,2,1,6,0,0,1,0,1,1,31,35,3,1,44,24
1980,Soviet Union,Italy,159,209,15,13,17,8,2,3,7,4,4,5,14,38,27,121,182
1980,Soviet Union,Jamaica,18,20,3,2,6,0,1,0,1,3,0,34,21,7,9,11,11
1980,Soviet Union,Lebanon,0,0,1,1,3,0,0,0,1,1,0,35,33,0,0,0,0
1980,Soviet Union,Mexico,45,96,4,2,11,0,1,1,0,3,1,29,25,9,5,36,91
1980,Soviet Union,Mongolia,43,32,4,1,4,0,0,2,1,2,0,27,34,4,2,39,30
1980,Soviet Union,Netherlands,75,108,3,5,16,0,0,1,2,2,3,30,29,18,36,57,72
1980,Soviet Union,North Korea,47,38,5,2,3,0,1,3,1,2,0,26,21,8,2,39,36
1980,Soviet Union,Poland,305,207,32,26,13,3,7,14,6,15,13,10,6,74,27,231,180
1980,Soviet Union,Romania,226,157,25,27,10,6,4,6,9,13,14,7,9,74,54,152,103
1980,Soviet Union,Soviet Union,489,408,195,125,8,80,49,69,41,46,35,1,1,149,125,340,283
1980,Soviet Union,Spain,155,113,6,2,10,1,0,3,2,2,0,20,30,9,10,146,103
1980,Soviet Union,Sweden,144,116,12,5,17,3,4,3,1,6,0,11,12,23,17,121,99
1980,Soviet Union,Switzerland,73,50,2,4,17,2,1,0,1,0,2,19,20,6,3,67,47
1980,Soviet Union,Tanzania,41,0,2,0,1,0,0,2,0,0,0,28,-1,5,0,36,0
1980,Soviet Union,Uganda,13,33,1,2,3,0,1,1,1,0,0,32,24,0,2,13,31
1980,Soviet Union,Venezuela,37,32,1,1,5,0,0,1,1,0,0,32,34,0,9,37,23
1980,Soviet Union,Yugoslavia,164,88,9,8,12,2,2,3,3,4,3,14,16,28,5,136,83
1980,Soviet Union,Zimbabwe,42,0,1,0,1,1,0,0,0,0,0,23,-1,19,0,23,0
1984,United States,Algeria,33,0,2,0,1,0,0,0,0,2,0,42,-1,0,0,33,0
1984,United States,Australia,242,120,24,9,18,4,2,8,2,12,5,14,15,73,28,169,92
1984,United States,Austria,102,83,3,4,18,1,1,1,2,1,1,22,21,31,19,71,64
1984,United States,Belgium,63,59,4,1,18,1,1,1,0,2,0,21,23,16,16,47,43
1984,United States,Brazil,147,106,8,4,11,1,2,5,0,2,2,19,17,21,15,126,91
1984,United States,Cameroon,46,5,1,1,2,0,0,0,1,1,0,43,39,4,0,42,5
1984,United States,Canada,408,385,44,11,18,10,0,18,5,16,6,6,27,151,124,257,261
1984,United States,China,215,0,32,0,1,15,0,8,0,9,0,4,-1,83,0,132,0
1984,United States,Chinese Taipei,38,0,1,0,1,0,0,0,0,1,0,43,-1,7,0,31,0
1984,United States,Colombia,39,59,1,3,2,0,0,1,1,0,2,33,31,3,4,36,55
1984,United States,Denmark,60,58,6,5,19,0,2,3,1,3,2,27,16,11,3,49,55
1984,United States,Dominican Republic,19,0,1,0,1,0,0,0,0,1,0,43,-1,4,0,15,0
1984,United States,Egypt,113,0,1,2,6,0,0,1,1,0,1,33,30,6,0,107,0
1984,United States,Finland,86,105,12,8,17,4,3,2,1,6,4,15,12,13,6,73,99
1984,United States,France,238,121,28,14,20,5,6,7,5,16,3,12,8,49,23,189,98
1984,United States,Great Britain,337,219,37,21,20,5,5,11,7,21,9,11,9,108,70,229,149
1984,United States,Greece,63,41,2,3,11,0,1,1,0,1,2,30,22,4,3,59,38
1984,United States,Iceland,30,2,1,1,2,0,0,0,1,1,0,43,31,3,0,27,2
1984,United States,Ireland,42,47,1,2,7,0,0,1,1,0,1,33,31,14,3,28,44
1984,United States,Italy,268,159,32,15,18,14,8,6,3,12,4,5,5,46,38,222,121
1984,United States,Ivory Coast,15,0,1,0,1,0,0,1,0,0,0,33,-1,1,0,14,0
1984,United States,Jamaica,45,18,3,3,7,0,0,1,0,2,3,28,34,14,7,31,11
1984,United States,Japan,226,213,32,25,13,10,9,8,6,14,10,7,5,52,60,174,153
1984,United States,Kenya,61,57,3,9,4,1,2,0,3,2,4,23,19,5,2,56,55
1984,United States,Mexico,98,45,6,4,12,2,0,3,1,1,3,17,29,22,9,76,36
1984,United States,Morocco,34,47,2,1,2,2,0,0,1,0,0,18,32,1,0,33,47
1984,United States,Netherlands,135,75,13,3,17,5,0,2,1,6,2,13,30,54,18,81,57
1984,United States,New Zealand,130,80,11,4,13,8,2,1,1,2,1,8,18,32,9,98,71
1984,United States,Nigeria,32,25,2,1,3,0,0,1,0,1,1,30,43,2,5,30,20
1984,United States,Norway,103,66,3,2,16,0,1,1,1,2,0,28,21,19,6,84,60
1984,United States,Pakistan,31,24,1,1,7,1,0,0,0,0,1,25,37,0,0,31,24
1984,United States,Peru,35,41,1,1,2,0,1,1,0,0,0,33,22,16,0,19,41
1984,United States,Portugal,38,19,3,2,8,1,0,0,2,2,0,23,30,9,0,29,19
1984,United States,Puerto Rico,51,80,2,1,3,0,0,1,0,1,1,30,37,8,7,43,73
1984,United States,Romania,124,226,53,25,11,20,6,16,6,17,13,2,7,53,74,71,152
1984,United States,South Korea,174,50,19,6,8,6,1,6,1,7,4,10,19,58,12,116,38
1984,United States,Spain,179,155,5,6,11,1,1,2,3,2,2,20,20,16,9,163,146
1984,United States,Sweden,172,144,19,12,18,2,3,11,3,6,6,16,11,42,23,130,121
1984,United States,Switzerland,129,73,8,2,18,0,2,4,0,4,0,26,19,27,6,102,67
1984,United States,Syria,9,0,1,0,1,0,0,1,0,0,0,33,-1,0,0,9,0
1984,United States,Thailand,35,42,1,1,2,0,0,1,0,0,1,33,37,10,3,25,39
1984,United States,Turkey,46,43,3,1,9,0,0,0,1,3,0,40,33,1,1,45,42
1984,United States,United States,519,391,174,94,19,83,34,61,35,30,25,1,3,183,118,336,273
1984,United States,Venezuela,26,37,3,1,6,0,0,0,1,3,0,40,32,1,0,25,37
1984,United States,West Germany,389,290,59,39,4,17,10,19,12,23,17,3,4,123,57,266,233
1984,United States,Yugoslavia,139,164,18,9,13,7,2,4,3,7,4,9,14,34,28,105,136
1984,United States,Zambia,16,0,1,0,1,0,0,0,0,1,0,43,-1,0,0,16,0
1988,South Korea,Argentina,118,92,2,1,12,0,0,1,1,1,0,35,33,25,4,93,88
1988,South Korea,Australia,252,242,14,24,19,3,4,6,8,5,12,15,14,72,73,180,169
1988,South Korea,Austria,73,102,1,3,19,1,1,0,1,0,1,29,22,7,31,66,71
1988,South Korea,Belgium,59,63,2,4,19,0,1,0,1,2,2,44,21,24,16,35,47
1988,South Korea,Brazil,157,147,6,8,12,1,1,2,5,3,2,24,19,33,21,124,126
1988,South Korea,Bulgaria,172,270,35,41,9,10,8,12,16,13,17,7,3,68,88,104,182
1988,South Korea,Canada,328,408,10,44,19,3,10,2,18,5,16,19,6,105,151,223,257
1988,South Korea,Chile,17,33,1,4,4,0,0,1,2,0,2,36,27,1,2,16,31
1988,South Korea,China,271,215,28,32,2,5,15,11,8,12,9,11,4,124,83,147,132
1988,South Korea,Colombia,40,39,1,1,3,0,0,0,1,1,0,46,33,6,3,34,36
1988,South Korea,Costa Rica,16,0,1,0,1,0,0,1,0,0,0,36,-1,7,0,9,0
1988,South Korea,Czechoslovakia,163,209,8,14,15,3,2,3,3,2,9,17,13,53,47,110,162
1988,South Korea,Denmark,78,60,4,6,20,2,0,1,3,1,3,23,27,21,11,57,49
1988,South Korea,Djibouti,6,0,1,0,1,0,0,0,0,1,0,46,-1,0,0,6,0
1988,South Korea,East Germany,259,346,102,126,5,37,47,35,37,30,42,2,2,102,124,157,222
1988,South Korea,Finland,78,86,4,12,18,1,4,1,2,2,6,25,15,19,13,59,73
1988,South Korea,France,266,238,16,28,21,6,5,4,7,6,16,9,12,74,49,192,189
1988,South Korea,Great Britain,345,337,24,37,21,5,5,10,11,9,21,12,11,126,108,219,229
1988,South Korea,Greece,56,63,1,2,12,0,0,0,1,1,1,46,30,12,4,44,59
1988,South Korea,Hungary,188,260,23,32,19,11,7,6,10,6,15,6,6,36,81,152,179
1988,South Korea,Indonesia,29,0,1,0,1,0,0,1,0,0,0,36,-1,6,0,23,0
1988,South Korea,Iran,23,84,1,2,9,0,0,1,1,0,1,36,33,0,4,23,80
1988,South Korea,Italy,253,268,14,32,19,6,14,4,6,4,12,10,5,41,46,212,222
1988,South Korea,Jamaica,35,45,2,3,8,0,0,2,1,0,2,34,28,11,14,24,31
1988,South Korea,Japan,255,226,14,32,14,4,10,3,8,7,14,14,7,69,52,186,174
1988,South Korea,Kenya,74,61,9,3,5,5,1,2,0,2,2,13,23,4,5,70,56
1988,South Korea,Mexico,81,98,2,6,13,0,2,0,3,2,1,44,17,17,22,64,76
1988,South Korea,Mongolia,28,43,1,4,5,0,0,0,2,1,2,46,27,4,4,24,39
1988,South Korea,Morocco,27,34,3,2,3,1,2,0,0,2,0,28,18,3,1,24,33
1988,South Korea,Netherlands,147,135,9,13,18,2,5,2,2,5,6,22,13,54,54,93,81
1988,South Korea,Netherlands Antilles,3,0,1,0,1,0,0,1,0,0,0,36,-1,1,0,2,0
1988,South Korea,New Zealand,83,130,13,11,14,3,8,2,1,8,2,18,8,16,32,67,98
1988,South Korea,Norway,69,103,5,3,17,2,0,3,1,0,2,21,28,25,19,44,84
1988,South Korea,Pakistan,30,31,1,1,8,0,1,0,0,1,0,46,25,0,0,30,31
1988,South Korea,Peru,21,35,1,1,3,0,0,1,1,0,0,36,33,14,16,7,19
1988,South Korea,Philippines,31,47,1,1,5,0,0,0,1,1,0,46,30,5,7,26,40
1988,South Korea,Poland,143,305,16,32,14,2,3,5,14,9,15,20,10,32,74,111,231
1988,South Korea,Portugal,65,38,1,3,9,1,1,0,0,0,2,29,23,10,9,55,29
1988,South Korea,Romania,68,124,24,53,12,7,20,11,16,6,17,8,2,36,53,32,71
1988,South Korea,Senegal,23,0,1,0,1,0,0,1,0,0,0,36,-1,1,0,22,0
1988,South Korea,South Korea,399,174,33,19,9,12,6,10,6,11,7,4,10,132,58,268,116
1988,South Korea,Soviet Union,479,489,132,195,9,55,80,31,69,46,46,1,1,161,149,318,340
1988,South Korea,Spain,226,179,4,5,12,1,1,1,2,2,2,25,20,29,16,197,163
1988,South Korea,Suriname,6,0,1,0,1,1,0,0,0,0,0,29,-1,2,0,4,0
1988,South Korea,Sweden,182,172,11,19,19,0,2,4,11,7,6,32,16,36,42,146,130
1988,South Korea,Switzerland,99,129,4,8,19,0,0,2,4,2,4,33,26,27,27,72,102
1988,South Korea,Thailand,14,35,1,1,3,0,0,0,1,1,0,46,33,2,10,12,25
1988,South Korea,Turkey,41,46,2,3,10,1,0,1,0,0,3,27,40,5,1,36,45
1988,South Korea,United States,526,519,94,174,20,36,83,31,61,27,30,3,1,195,183,331,336
1988,South Korea,Virgin Islands,22,0,1,0,1,0,0,1,0,0,0,36,-1,3,0,19,0
1988,South Korea,West Germany,347,389,40,59,5,11,17,14,19,15,23,5,3,103,123,244,266
1988,South Korea,Yugoslavia,155,139,12,18,14,3,7,4,4,5,7,16,9,38,34,117,105
1992,Spain,Algeria,35,33,2,2,2,1,0,0,0,1,2,34,42,2,0,33,33
1992,Spain,Argentina,84,118,1,2,13,0,0,0,1,1,1,54,35,17,25,67,93
1992,Spain,Australia,278,252,27,14,20,7,3,9,6,11,5,10,15,92,72,186,180
1992,Spain,Austria,102,73,2,1,20,0,1,2,0,0,0,41,29,31,7,71,66
1992,Spain,Bahamas,14,11,1,1,3,0,1,0,0,1,0,54,24,2,0,12,11
1992,Spain,Belgium,68,59,3,2,20,0,0,1,0,2,2,44,44,25,24,43,35
1992,Spain,Brazil,181,157,3,6,13,2,1,1,2,0,3,25,24,50,33,131,124
1992,Spain,Bulgaria,136,172,16,35,10,3,10,7,12,6,13,18,7,51,68,85,104
1992,Spain,Canada,295,328,18,10,20,7,3,4,2,7,5,11,19,116,105,179,223
1992,Spain,China,243,271,54,28,3,16,5,22,11,16,12,4,11,127,124,117,147
1992,Spain,Chinese Taipei,31,38,1,1,2,0,0,1,0,0,1,49,43,8,7,23,31
1992,Spain,Colombia,49,40,1,1,4,0,0,0,0,1,1,54,46,3,6,46,34
1992,Spain,Croatia,39,0,3,0,1,0,0,1,0,2,0,44,-1,3,0,36,0
1992,Spain,Cuba,176,203,31,20,9,14,8,6,7,11,5,5,4,50,33,126,170
1992,Spain,Czechoslovakia,208,163,7,8,16,4,3,2,3,1,2,15,17,62,53,146,110
1992,Spain,Denmark,109,78,6,4,21,1,2,1,1,4,1,30,23,33,21,76,57
1992,Spain,Estonia,37,33,2,7,5,1,2,0,2,1,3,34,14,4,0,33,33
1992,Spain,Ethiopia,20,41,3,4,6,1,2,0,0,2,2,33,17,6,2,14,39
1992,Spain,Finland,87,78,5,4,19,1,1,2,1,2,2,29,25,28,19,59,59
1992,Spain,France,339,266,29,16,22,8,6,5,4,16,6,9,9,98,74,241,192
1992,Spain,Germany,463,205,82,24,10,33,0,21,7,28,17,3,28,163,32,300,173
1992,Spain,Ghana,34,35,1,1,4,0,0,0,0,1,1,54,43,2,2,32,33
1992,Spain,Great Britain,371,345,20,24,22,5,5,3,10,12,9,13,12,142,126,229,219
1992,Spain,Greece,70,56,2,1,13,2,0,0,0,0,1,26,46,14,12,56,44
1992,Spain,Hungary,215,188,30,23,20,11,11,12,6,7,6,8,6,57,36,158,152
1992,Spain,Independent Olympic Participants,0,0,3,0,1,0,0,1,0,2,0,44,-1,0,0,0,0
1992,Spain,Indonesia,42,29,5,1,2,2,0,2,1,1,0,24,36,15,6,27,23
1992,Spain,Iran,36,23,3,1,10,0,0,1,1,2,0,44,36,0,0,36,23
1992,Spain,Ireland,58,42,2,1,8,1,0,1,1,0,0,32,33,9,14,49,28
1992,Spain,Israel,30,0,2,0,1,0,0,1,0,1,0,48,-1,5,0,25,0
1992,Spain,Italy,304,253,19,14,20,6,6,5,4,8,4,12,10,76,41,228,212
1992,Spain,Jamaica,36,35,4,2,9,0,0,3,2,1,0,38,34,14,11,22,24
1992,Spain,Japan,256,255,22,14,15,3,4,8,3,11,7,17,14,81,69,175,186
1992,Spain,Kenya,49,74,8,9,6,2,5,4,2,2,2,21,13,9,4,40,70
1992,Spain,Latvia,34,29,3,2,3,0,0,2,1,1,1,40,24,9,0,25,29
1992,Spain,Lithuania,47,0,2,0,1,1,0,0,0,1,0,34,-1,11,0,36,0
1992,Spain,Malaysia,26,0,1,0,1,0,0,0,0,1,0,54,-1,0,0,26,0
1992,Spain,Mexico,102,81,1,2,14,0,0,1,0,0,2,49,44,26,17,76,64
1992,Spain,Mongolia,33,28,2,1,6,0,0,0,0,2,1,52,46,6,4,27,24
1992,Spain,Morocco,44,27,3,3,4,1,1,1,0,1,2,31,28,1,3,43,24
1992,Spain,Namibia,6,0,2,0,1,0,0,2,0,0,0,41,-1,1,0,5,0
1992,Spain,Netherlands,201,147,15,9,19,2,2,6,2,7,5,20,22,84,54,117,93
1992,Spain,New Zealand,134,83,10,13,15,1,3,4,2,5,8,28,18,42,16,92,67
1992,Spain,Nigeria,55,32,4,2,4,0,0,3,1,1,1,38,30,23,2,32,30
1992,Spain,North Korea,64,47,9,5,4,4,0,0,3,5,2,16,26,28,8,36,39
1992,Spain,Norway,83,69,7,5,18,2,2,4,3,1,0,22,21,32,25,51,44
1992,Spain,Pakistan,27,30,1,1,9,0,0,0,0,1,1,54,46,0,0,27,30
1992,Spain,Peru,16,21,1,1,4,0,0,1,1,0,0,49,36,4,14,12,7
1992,Spain,Philippines,26,31,1,1,6,0,0,0,0,1,1,54,46,2,5,24,26
1992,Spain,Poland,201,143,19,16,15,3,2,6,5,10,9,19,20,52,32,149,111
1992,Spain,Puerto Rico,69,51,1,2,4,0,0,0,1,1,1,54,30,6,8,63,43
1992,Spain,Qatar,28,0,1,0,1,0,0,0,0,1,0,54,-1,0,0,28,0
1992,Spain,Romania,173,68,18,24,13,4,7,6,11,8,6,14,8,68,36,105,32
1992,Spain,Slovenia,35,0,2,0,1,0,0,0,0,2,0,52,-1,6,0,29,0
1992,Spain,South Africa,93,55,2,3,12,0,0,2,1,0,2,41,28,25,2,68,53
1992,Spain,South Korea,225,399,29,33,10,12,12,5,10,12,11,7,4,71,132,154,268
1992,Spain,Spain,412,226,22,4,13,13,1,7,1,2,2,6,25,122,29,290,197
1992,Spain,Suriname,6,6,1,1,2,0,1,0,0,1,0,54,29,1,2,5,4
1992,Spain,Sweden,186,182,12,11,20,1,0,7,4,4,7,27,32,44,36,142,146
1992,Spain,Switzerland,102,99,1,4,20,1,0,0,2,0,2,37,33,29,27,73,72
1992,Spain,Thailand,46,14,1,1,4,0,0,0,0,1,1,54,46,23,2,23,12
1992,Spain,Turkey,41,41,6,2,11,2,1,2,1,2,0,23,27,5,5,36,36
1992,Spain,Unified Team,474,0,112,0,1,45,0,38,0,29,0,1,-1,165,0,309,0
1992,Spain,United States,540,526,108,94,21,37,36,34,31,37,27,2,3,190,195,350,331
1996,United States,Algeria,45,35,3,2,3,2,1,0,0,1,1,34,34,6,2,39,33
1996,United States,Argentina,179,84,3,1,14,0,0,2,0,1,1,54,54,47,17,132,67
1996,United States,Armenia,32,0,2,0,1,1,0,1,0,0,0,45,-1,2,0,30,0
1996,United States,Australia,417,278,41,27,21,9,7,9,9,23,11,7,10,167,92,250,186
1996,United States,Austria,72,102,3,2,21,0,0,1,2,2,0,57,41,16,31,56,71
1996,United States,Azerbaijan,23,0,1,0,1,0,0,1,0,0,0,61,-1,3,0,20,0
1996,United States,Bahamas,26,14,1,1,4,0,0,1,0,0,1,61,54,7,2,19,12
1996,United States,Belarus,157,0,15,0,1,1,0,6,0,8,0,37,-1,66,0,91,0
1996,United States,Belgium,61,68,6,3,21,2,0,2,1,2,2,31,44,20,25,41,43
1996,United States,Brazil,220,181,15,3,14,3,2,3,1,9,0,25,25,64,50,156,131
1996,United States,Bulgaria,108,136,15,16,11,3,3,7,7,5,6,22,18,36,51,72,85
1996,United States,Burundi,7,0,1,0,1,1,0,0,0,0,0,49,-1,1,0,6,0
1996,United States,Canada,303,295,22,18,21,3,7,11,4,8,7,21,11,151,116,152,179
1996,United States,China,289,243,50,54,4,16,16,22,22,12,16,4,4,181,127,109,117
1996,United States,Chinese Taipei,74,31,1,1,3,0,0,1,1,0,0,61,49,42,8,32,23
1996,United States,Costa Rica,11,16,1,1,2,1,0,0,1,0,0,49,36,5,7,6,9
1996,United States,Croatia,84,39,2,3,2,1,0,1,1,0,2,45,44,9,3,75,36
1996,United States,Cuba,164,176,25,31,10,9,14,8,6,8,11,8,5,53,50,111,126
1996,United States,Czech Republic,115,0,11,0,1,4,0,3,0,4,0,17,-1,39,0,76,0
1996,United States,Denmark,119,109,6,6,22,4,1,1,1,1,4,19,30,65,33,54,76
1996,United States,Ecuador,19,0,1,0,1,1,0,0,0,0,0,49,-1,2,0,17,0
1996,United States,Ethiopia,18,20,3,3,7,2,1,0,0,1,2,34,33,8,6,10,14
1996,United States,FR Yugoslavia,0,0,4,0,1,1,0,1,0,2,0,41,-1,0,0,0,0
1996,United States,Finland,76,87,4,5,20,1,1,2,2,1,2,40,29,29,28,47,59
1996,United States,France,299,339,37,29,23,15,8,7,5,15,16,5,9,102,98,197,241
1996,United States,Georgia,34,0,2,0,1,0,0,0,0,2,0,68,-1,7,0,27,0
1996,United States,Germany,464,463,65,82,11,20,33,18,21,27,28,3,3,187,163,277,300
1996,United States,Great Britain,300,371,15,20,23,1,5,8,3,6,12,36,13,116,142,184,229
1996,United States,Greece,121,70,8,2,14,4,2,4,0,0,0,16,26,34,14,87,56
1996,United States,Hong Kong,22,0,1,0,1,1,0,0,0,0,0,49,-1,9,0,13,0
1996,United States,Hungary,212,215,21,30,21,7,11,4,12,10,7,12,8,66,57,146,158
1996,United States,India,49,71,1,1,13,0,1,0,0,1,0,71,23,9,16,40,55
1996,United States,Indonesia,40,42,4,5,3,1,2,1,2,2,1,41,24,17,15,23,27
1996,United States,Iran,18,36,3,3,11,1,0,1,1,1,2,43,44,1,0,17,36
1996,United States,Ireland,78,58,4,2,9,3,1,0,1,1,0,28,32,16,9,62,49
1996,United States,Israel,25,30,1,2,2,0,0,0,1,1,1,71,48,7,5,18,25
1996,United States,Italy,340,304,35,19,21,13,6,10,5,12,8,6,12,104,76,236,228
1996,United States,Jamaica,46,36,6,4,10,1,0,3,3,2,1,39,38,19,14,27,22
1996,United States,Japan,306,256,14,22,16,3,3,6,8,5,11,23,17,149,81,157,175
1996,United States,Kazakhstan,96,0,11,0,1,3,0,4,0,4,0,24,-1,24,0,72,0
1996,United States,Kenya,52,49,8,8,7,1,2,4,4,3,2,38,21,10,9,42,40
1996,United States,Latvia,47,34,1,3,4,0,0,1,2,0,1,61,40,13,9,34,25
1996,United States,Lithuania,61,47,1,2,2,0,1,0,0,1,1,71,34,16,11,45,36
1996,United States,Malaysia,35,26,2,1,2,0,0,1,0,1,1,58,54,3,0,32,26
1996,United States,Mexico,97,102,1,1,15,0,0,0,1,1,0,71,49,27,26,70,76
1996,United States,Moldova,40,0,2,0,1,0,0,1,0,1,0,58,-1,5,0,35,0
1996,United States,Mongolia,16,33,1,2,7,0,0,0,0,1,2,71,52,4,6,12,27
1996,United States,Morocco,34,44,2,3,5,0,1,0,1,2,1,68,31,2,1,32,43
1996,United States,Mozambique,3,0,1,0,1,0,0,0,0,1,0,71,-1,1,0,2,0
1996,United States,Namibia,8,6,2,2,2,0,0,2,2,0,0,55,41,2,1,6,5
1996,United States,Netherlands,238,201,19,15,20,4,2,5,6,10,7,15,20,101,84,137,117
1996,United States,New Zealand,95,134,6,10,16,3,1,2,4,1,5,26,28,29,42,66,92
1996,United States,Nigeria,65,55,6,4,5,2,0,1,3,3,1,32,38,16,23,49,32
1996,United States,North Korea,24,64,5,9,5,2,4,1,0,2,5,33,16,9,28,15,36
1996,United States,Norway,97,83,7,7,19,2,2,2,4,3,1,30,22,55,32,42,51
1996,United States,Philippines,12,26,1,1,7,0,0,1,0,0,1,61,54,4,2,8,24
1996,United States,Poland,165,201,17,19,16,7,3,5,6,5,10,11,19,39,52,126,149
1996,United States,Portugal,106,65,2,1,10,1,1,0,0,1,0,47,29,23,10,83,55
1996,United States,Puerto Rico,69,69,1,1,5,0,0,0,0,1,1,71,54,22,6,47,63
1996,United States,Romania,165,173,20,18,14,4,4,7,6,9,8,14,14,67,68,98,105
1996,United States,Russia,389,0,63,0,1,26,0,21,0,16,0,2,-1,157,0,232,0
1996,United States,Slovakia,71,0,3,0,1,1,0,1,0,1,0,43,-1,13,0,58,0
1996,United States,Slovenia,37,35,2,2,2,0,0,2,0,0,2,55,52,12,6,25,29
1996,United States,South Africa,84,93,5,2,13,3,0,1,2,1,0,27,41,20,25,64,68
1996,United States,South Korea,299,225,27,29,11,7,12,15,5,5,12,10,7,110,71,189,154
1996,United States,Spain,284,412,17,22,14,5,13,6,7,6,2,13,6,93,122,191,290
1996,United States,Sweden,177,186,8,12,21,2,1,4,7,2,4,29,27,66,44,111,142
1996,United States,Switzerland,115,102,7,1,21,4,1,3,0,0,0,18,37,43,29,72,73
1996,United States,Syria,7,9,1,1,2,1,0,0,1,0,0,49,33,1,0,6,9
1996,United States,Thailand,37,46,2,1,5,1,0,0,0,1,1,47,54,12,23,25,23
1996,United States,Tonga,5,0,1,0,1,0,0,1,0,0,0,61,-1,1,0,4,0
1996,United States,Trinidad and Tobago,12,13,2,1,5,0,1,0,0,2,0,68,26,4,0,8,13
1996,United States,Tunisia,51,35,1,1,4,0,0,0,1,1,0,71,33,6,0,45,35
1996,United States,Turkey,53,41,6,6,12,4,2,1,2,1,2,19,23,9,5,44,36
1996,United States,Uganda,10,13,1,1,4,0,0,0,1,1,0,71,32,3,0,7,13
1996,United States,Ukraine,231,0,23,0,1,9,0,2,0,12,0,9,-1,85,0,146,0
1996,United States,United States,647,540,101,108,22,44,37,32,34,25,37,1,2,273,190,374,350
1996,United States,Uzbekistan,71,0,2,0,1,0,0,1,0,1,0,58,-1,8,0,63,0
1996,United States,Zambia,8,16,1,1,2,0,0,1,0,0,1,61,43,1,0,7,16
2000,Australia,Algeria,47,45,5,3,4,1,2,1,0,3,1,42,34,10,6,37,39
2000,Australia,Argentina,142,179,4,3,15,0,0,2,2,2,1,57,54,44,47,98,132
2000,Australia,Armenia,25,32,1,2,2,0,1,0,1,1,0,71,45,2,2,23,30
2000,Australia,Australia,617,417,58,41,22,16,9,25,9,17,23,4,7,276,167,341,250
2000,Australia,Austria,92,72,3,3,22,2,0,1,1,0,2,32,57,37,16,55,56
2000,Australia,Azerbaijan,31,23,3,1,2,2,0,0,1,1,0,34,61,6,3,25,20
2000,Australia,Bahamas,25,26,3,1,5,2,0,0,1,1,0,34,61,9,7,16,19
2000,Australia,Barbados,18,0,1,0,1,0,0,0,0,1,0,71,-1,6,0,12,0
2000,Australia,Belarus,139,157,17,15,2,3,1,3,6,11,8,23,37,67,66,72,91
2000,Australia,Belgium,68,61,5,6,22,0,2,2,2,3,2,55,31,32,20,36,41
2000,Australia,Brazil,196,220,12,15,15,0,3,6,3,6,9,53,25,91,64,105,156
2000,Australia,Bulgaria,91,108,13,15,12,5,3,6,7,2,5,16,22,39,36,52,72
2000,Australia,Cameroon,34,46,1,1,3,1,0,0,0,0,1,50,43,9,4,25,42
2000,Australia,Canada,294,303,14,22,22,3,3,3,11,8,8,24,21,144,151,150,152
2000,Australia,Chile,50,17,1,1,5,0,0,0,1,1,0,71,36,7,1,43,16
2000,Australia,China,266,289,58,50,5,28,16,16,22,14,12,3,4,177,181,90,109
2000,Australia,Chinese Taipei,55,74,5,1,4,0,0,1,1,4,0,58,61,34,42,21,32
2000,Australia,Colombia,44,49,1,1,5,1,0,0,0,0,1,50,54,19,3,25,46
2000,Australia,Costa Rica,7,11,2,1,3,0,1,0,0,2,0,69,49,2,5,5,6
2000,Australia,Croatia,88,84,2,2,3,1,1,0,1,1,0,49,45,25,9,63,75
2000,Australia,Cuba,229,164,29,25,11,11,9,11,8,7,8,9,8,82,53,147,111
2000,Australia,Czech Republic,119,115,8,11,2,2,4,3,3,3,4,28,17,33,39,86,76
2000,Australia,Denmark,97,119,6,6,23,2,4,3,1,1,1,30,19,44,65,53,54
2000,Australia,Estonia,33,37,3,2,6,1,1,0,0,2,1,47,34,2,4,31,33
2000,Australia,Ethiopia,26,18,8,3,8,4,2,1,0,3,1,20,34,11,8,15,10
2000,Australia,FR Yugoslavia,0,0,3,4,2,1,1,1,1,1,2,44,41,0,0,0,0
2000,Australia,Finland,70,76,4,4,21,2,1,1,2,1,1,31,40,30,29,40,47
2000,Australia,France,336,299,38,37,24,13,15,14,7,11,15,6,5,125,102,211,197
2000,Australia,Georgia,36,34,6,2,2,0,0,0,0,6,2,68,68,9,7,27,27
2000,Australia,Germany,422,464,56,65,12,13,20,17,18,26,27,5,3,181,187,241,277
2000,Australia,Great Britain,309,300,28,15,24,11,1,10,8,7,6,10,36,128,116,181,184
2000,Australia,Greece,140,121,13,8,15,4,4,6,4,3,0,17,16,58,34,82,87
2000,Australia,Hungary,178,212,17,21,22,8,7,6,4,3,10,13,12,69,66,109,146
2000,Australia,Iceland,18,30,1,1,3,0,0,0,0,1,1,71,43,9,3,9,27
2000,Australia,India,65,49,1,1,14,0,0,0,0,1,1,71,71,21,9,44,40
2000,Australia,Indonesia,47,40,6,4,4,1,1,3,1,2,2,38,41,20,17,27,23
2000,Australia,Iran,33,18,4,3,12,3,1,0,1,1,1,27,43,1,1,32,17
2000,Australia,Ireland,64,78,1,4,10,0,3,1,0,0,1,64,28,24,16,40,62
2000,Australia,Israel,39,25,1,1,3,0,0,0,0,1,1,71,71,10,7,29,18
2000,Australia,Italy,361,340,34,35,22,13,13,8,10,13,12,7,6,115,104,246,236
2000,Australia,Jamaica,48,46,9,6,11,0,1,6,3,3,2,54,39,26,19,22,27
2000,Australia,Japan,266,306,18,14,17,5,3,8,6,5,5,15,23,110,149,156,157
2000,Australia,Kazakhstan,130,96,7,11,2,3,3,4,4,0,4,22,24,44,24,86,72
2000,Australia,Kenya,56,52,7,8,8,2,1,3,4,2,3,29,38,22,10,34,42
2000,Australia,Kuwait,29,0,1,0,1,0,0,0,0,1,0,71,-1,0,0,29,0
2000,Australia,Kyrgyzstan,48,0,1,0,1,0,0,0,0,1,0,71,-1,13,0,35,0
2000,Australia,Latvia,45,47,3,1,5,1,0,1,1,1,0,44,61,15,13,30,34
2000,Australia,Lithuania,61,61,5,1,3,2,0,0,0,3,1,33,71,21,16,40,45
2000,Australia,Macedonia,10,0,1,0,1,0,0,0,0,1,0,71,-1,4,0,6,0
2000,Australia,Mexico,78,97,6,1,16,1,0,2,0,3,1,40,71,26,27,52,70
2000,Australia,Moldova,34,40,2,2,2,0,0,1,1,1,1,61,58,5,5,29,35
2000,Australia,Morocco,55,34,5,2,6,0,0,1,0,4,2,58,68,9,2,46,32
2000,Australia,Mozambique,4,3,1,1,2,1,0,0,0,0,1,50,71,2,1,2,2
2000,Australia,Netherlands,231,238,25,19,21,12,4,9,5,4,10,8,15,84,101,147,137
2000,Australia,New Zealand,147,95,4,6,17,1,3,0,2,3,1,46,26,70,29,77,66
2000,Australia,Nigeria,83,65,3,6,6,1,2,2,1,0,3,41,32,39,16,44,49
2000,Australia,North Korea,31,24,4,5,6,0,2,1,1,3,2,60,33,17,9,14,15
2000,Australia,Norway,93,97,10,7,20,4,2,3,2,3,3,19,30,49,55,44,42
2000,Australia,Poland,187,165,14,17,17,6,7,5,5,3,5,14,11,58,39,129,126
2000,Australia,Portugal,61,106,2,2,11,0,1,0,0,2,1,69,47,13,23,48,83
2000,Australia,Qatar,17,28,1,1,2,0,0,0,0,1,1,71,54,0,0,17,28
2000,Australia,Romania,145,165,26,20,15,11,4,6,7,9,9,11,14,74,67,71,98
2000,Australia,Russia,434,389,89,63,2,32,26,28,21,29,16,2,2,194,157,240,232
2000,Australia,Saudi Arabia,18,0,2,0,1,0,0,1,0,1,0,61,-1,0,0,18,0
2000,Australia,Slovakia,108,71,5,3,2,1,1,3,1,1,1,39,43,27,13,81,58
2000,Australia,Slovenia,74,37,2,2,3,2,0,0,2,0,0,36,55,19,12,55,25
2000,Australia,South Africa,127,84,5,5,14,0,3,2,1,3,1,55,27,38,20,89,64
2000,Australia,South Korea,279,299,28,27,12,8,7,10,15,10,5,12,10,106,110,173,189
2000,Australia,Spain,316,284,11,17,15,3,5,3,6,5,6,25,13,101,93,215,191
2000,Australia,Sri Lanka,18,0,1,0,1,0,0,1,0,0,0,64,-1,9,0,9,0
2000,Australia,Sweden,150,177,12,8,22,4,2,5,4,3,2,18,29,52,66,98,111
2000,Australia,Switzerland,102,115,9,7,22,1,4,6,3,2,0,37,18,38,43,64,72
2000,Australia,Thailand,52,37,3,2,6,1,1,0,0,2,1,47,47,18,12,34,25
2000,Australia,Trinidad and Tobago,19,12,2,2,6,0,0,1,0,1,2,61,68,5,4,14,8
2000,Australia,Turkey,57,53,5,6,13,3,4,0,1,2,1,26,19,15,9,42,44
2000,Australia,Ukraine,230,231,23,23,2,3,9,10,2,10,12,21,9,91,85,139,146
2000,Australia,United States,586,647,93,101,23,37,44,24,32,32,25,1,1,253,273,333,374
2000,Australia,Uruguay,15,23,1,1,8,0,0,1,0,0,1,64,35,3,0,12,23
2000,Australia,Uzbekistan,70,71,4,2,2,1,0,1,1,2,1,43,58,18,8,52,63
2000,Australia,Vietnam,7,0,1,0,1,0,0,1,0,0,0,64,-1,4,0,3,0
2004,Greece,Argentina,151,142,6,4,16,2,0,0,2,4,2,38,57,45,44,106,98
2004,Greece,Australia,470,617,50,58,23,17,16,16,25,17,17,4,4,202,276,268,341
2004,Greece,Austria,74,92,7,3,23,2,2,4,1,1,0,27,32,20,37,54,55
2004,Greece,Azerbaijan,36,31,5,3,3,1,2,0,0,4,1,50,34,6,6,30,25
2004,Greece,Bahamas,22,25,2,3,6,1,2,0,0,1,1,52,34,9,9,13,16
2004,Greece,Belarus,151,139,13,17,3,2,3,5,3,6,11,26,23,69,67,82,72
2004,Greece,Belgium,50,68,3,5,23,1,0,0,2,2,3,51,55,19,32,31,36
2004,Greece,Brazil,241,196,10,12,16,5,0,2,6,3,6,16,53,119,91,122,105
2004,Greece,Bulgaria,95,91,12,13,13,2,5,1,6,9,2,33,16,46,39,49,52
2004,Greece,Cameroon,17,34,1,1,4,1,1,0,0,0,0,54,50,7,9,10,25
2004,Greece,Canada,262,294,12,14,23,3,3,6,3,3,8,21,24,132,144,130,150
2004,Greece,Chile,22,50,3,1,6,2,0,0,0,1,1,39,71,6,7,16,43
2004,Greece,China,372,266,63,58,6,32,28,17,16,14,14,2,3,240,177,134,90
2004,Greece,Chinese Taipei,88,55,5,5,5,2,0,2,1,1,4,31,58,39,34,49,21
2004,Greece,Colombia,53,44,2,1,6,0,1,0,0,2,0,68,50,21,19,32,25
2004,Greece,Croatia,81,88,5,2,4,1,1,2,0,2,1,44,49,15,25,66,63
2004,Greece,Cuba,151,229,27,29,12,9,11,7,11,11,7,11,9,54,82,97,147
2004,Greece,Czech Republic,142,119,9,8,3,1,2,3,3,5,3,42,28,62,33,80,86
2004,Greece,Denmark,92,97,8,6,24,2,2,1,3,5,1,34,30,44,44,48,53
2004,Greece,Dominican Republic,33,19,1,1,2,1,0,0,0,0,1,54,43,16,4,17,15
2004,Greece,Egypt,96,113,5,1,7,1,0,1,1,3,0,46,33,16,6,80,107
2004,Greece,Eritrea,4,0,1,0,1,0,0,0,0,1,0,71,-1,1,0,3,0
2004,Greece,Estonia,42,33,3,3,7,0,1,1,0,2,2,64,47,11,2,31,31
2004,Greece,Ethiopia,26,26,7,8,9,2,4,3,1,2,3,28,20,12,11,14,15
2004,Greece,Finland,53,70,2,4,22,0,2,2,1,0,1,61,31,17,30,36,40
2004,Greece,France,308,336,33,38,25,11,13,9,14,13,11,7,6,113,125,195,211
2004,Greece,Georgia,32,36,4,6,3,2,0,2,0,0,6,32,68,6,9,26,27
2004,Greece,Germany,441,422,49,56,13,13,13,16,17,20,26,6,5,191,181,250,241
2004,Greece,Great Britain,264,309,30,28,25,9,11,9,10,12,7,10,10,103,128,161,181
2004,Greece,Greece,426,140,16,13,16,6,4,6,6,4,3,15,17,211,58,215,82
2004,Greece,Hong Kong,32,22,1,1,2,0,1,1,0,0,0,65,49,18,9,14,13
2004,Greece,Hungary,208,178,17,17,23,8,8,6,6,3,3,12,13,90,69,118,109
2004,Greece,India,73,65,1,1,15,0,0,1,0,0,1,65,71,25,21,48,44
2004,Greece,Indonesia,38,47,4,6,5,1,1,1,3,2,2,48,38,16,20,22,27
2004,Greece,Iran,37,33,6,4,13,2,3,2,0,2,1,29,27,1,1,36,32
2004,Greece,Israel,36,39,2,1,4,1,0,0,0,1,1,52,71,16,10,20,29
2004,Greece,Italy,364,361,32,34,23,10,13,11,8,11,13,8,7,135,115,229,246
2004,Greece,Jamaica,47,48,5,9,12,2,0,1,6,2,3,35,54,25,26,22,22
2004,Greece,Japan,305,266,37,18,18,16,5,9,8,12,5,5,15,166,110,139,156
2004,Greece,Kazakhstan,114,130,8,7,3,1,3,4,4,3,0,40,22,43,44,71,86
2004,Greece,Kenya,46,56,7,7,9,1,2,4,3,2,2,41,29,24,22,22,34
2004,Greece,Latvia,32,45,4,3,6,0,1,4,1,0,1,58,44,10,15,22,30
2004,Greece,Lithuania,59,61,3,5,4,1,2,2,0,0,3,45,33,12,21,47,40
2004,Greece,Mexico,109,78,4,6,17,0,1,3,2,1,3,59,40,50,26,59,52
2004,Greece,Mongolia,20,16,1,1,8,0,0,0,0,1,1,71,71,7,4,13,12
2004,Greece,Morocco,55,55,3,5,7,2,0,1,1,0,4,37,58,8,9,47,46
2004,Greece,Netherlands,210,231,22,25,22,4,12,9,9,9,4,18,8,76,84,134,147
2004,Greece,New Zealand,148,147,5,4,18,3,1,2,0,0,3,24,46,67,70,81,77
2004,Greece,Nigeria,70,83,2,3,7,0,1,0,2,2,0,68,41,46,39,24,44
2004,Greece,North Korea,36,31,5,4,7,0,0,4,1,1,3,57,60,23,17,13,14
2004,Greece,Norway,52,93,6,10,21,5,4,0,3,1,3,17,19,17,49,35,44
2004,Greece,Paraguay,21,0,1,0,1,0,0,1,0,0,0,65,-1,2,0,19,0
2004,Greece,Poland,194,187,10,14,18,3,6,2,5,5,3,23,14,62,58,132,129
2004,Greece,Portugal,80,61,3,2,12,0,0,2,0,1,2,60,69,17,13,63,48
2004,Greece,Romania,108,145,19,26,16,8,11,5,6,6,9,14,11,58,74,50,71
2004,Greece,Russia,445,434,90,89,3,28,32,26,28,36,29,3,2,201,194,244,240
2004,Greece,Serbia and Montenegro,85,0,2,0,1,0,0,2,0,0,0,61,-1,7,0,78,0
2004,Greece,Slovakia,64,108,6,5,3,2,1,2,3,2,1,29,39,16,27,48,81
2004,Greece,Slovenia,79,74,4,2,4,0,2,1,0,3,0,63,36,23,19,56,55
2004,Greece,South Africa,106,127,6,5,15,1,0,3,2,2,3,43,55,40,38,66,89
2004,Greece,South Korea,260,279,30,28,13,9,8,12,10,9,10,9,12,116,106,145,173
2004,Greece,Spain,313,316,20,11,16,3,3,11,3,6,5,20,25,137,101,176,215
2004,Greece,Sweden,114,150,7,12,23,4,4,2,5,1,3,19,18,53,52,61,98
2004,Greece,Switzerland,98,102,5,9,23,1,1,1,6,3,2,46,37,39,38,59,64
2004,Greece,Syria,6,7,1,1,3,0,1,0,0,1,0,71,49,1,1,5,6
2004,Greece,Thailand,42,52,8,3,7,3,1,1,0,4,2,25,47,18,18,24,34
2004,Greece,Trinidad and Tobago,19,19,1,2,7,0,0,0,1,1,1,71,61,9,5,10,14
2004,Greece,Turkey,64,57,10,5,14,3,3,3,0,4,2,22,26,20,15,44,42
2004,Greece,Ukraine,239,230,22,23,3,8,3,5,10,9,10,13,21,115,91,124,139
2004,Greece,United Arab Emirates,4,0,1,0,1,1,0,0,0,0,0,54,-1,0,0,4,0
2004,Greece,United States,533,586,101,93,24,36,37,39,24,26,32,1,1,254,253,279,333
2004,Greece,Uzbekistan,69,70,5,4,3,2,1,1,1,2,2,35,43,18,18,51,52
2004,Greece,Venezuela,48,26,2,3,7,0,0,0,0,2,3,68,40,15,1,33,25
2004,Greece,Zimbabwe,12,42,3,1,2,1,1,1,0,1,0,49,23,3,19,9,23
2008,China,Afghanistan,4,0,1,0,1,0,0,0,0,1,0,82,-1,1,0,3,0
2008,China,Algeria,56,47,2,5,5,0,1,1,1,1,3,68,42,22,10,34,37
2008,China,Argentina,131,151,6,6,17,2,2,0,0,4,4,35,38,52,45,79,106
2008,China,Armenia,24,25,5,1,3,0,0,1,0,4,1,62,71,2,2,22,23
2008,China,Australia,432,470,46,50,24,14,17,15,16,17,17,6,4,199,202,233,268
2008,China,Austria,70,74,3,7,24,0,2,1,4,2,1,64,27,30,20,40,54
2008,China,Azerbaijan,44,36,6,5,4,1,1,1,0,4,4,40,50,14,6,30,30
2008,China,Bahamas,25,22,2,2,7,0,1,1,0,1,1,68,52,9,9,16,13
2008,China,Belarus,177,151,14,13,4,3,2,4,5,7,6,24,26,84,69,93,82
2008,China,Belgium,94,50,2,3,24,2,1,0,0,0,2,37,51,17,19,77,31
2008,China,Brazil,265,241,17,10,17,3,5,4,2,10,3,23,16,129,119,136,122
2008,China,Bulgaria,70,95,5,12,14,1,2,1,1,3,9,42,33,27,46,43,49
2008,China,Cameroon,32,17,1,1,5,1,1,0,0,0,0,53,54,7,7,25,10
2008,China,Canada,332,262,20,12,24,3,3,9,6,8,3,20,21,146,132,186,130
2008,China,Chile,26,22,1,3,7,0,2,1,0,0,1,72,39,6,6,20,16
2008,China,China,583,372,100,63,7,48,32,22,17,30,14,1,2,285,240,305,134
2008,China,Chinese Taipei,79,88,4,5,6,1,2,1,2,2,1,44,31,36,39,43,49
2008,China,Colombia,67,53,3,2,7,0,0,2,0,1,2,60,68,24,21,43,32
2008,China,Croatia,99,81,5,5,5,0,1,2,2,3,2,59,44,19,15,80,66
2008,China,Cuba,158,151,30,27,13,3,9,10,7,17,11,19,11,56,54,102,97
2008,China,Czech Republic,134,142,7,9,4,3,1,3,3,1,5,25,42,59,62,75,80
2008,China,Denmark,84,92,7,8,25,2,2,2,1,3,5,30,34,20,44,64,48
2008,China,Dominican Republic,24,33,2,1,3,1,1,1,0,0,0,47,54,6,16,18,17
2008,China,Ecuador,25,19,1,1,2,0,1,1,0,0,0,72,49,8,2,17,17
2008,China,Egypt,100,96,2,5,8,0,1,0,1,2,3,81,46,26,16,74,80
2008,China,Estonia,47,42,2,3,8,1,0,1,1,0,2,47,64,13,11,34,31
2008,China,Ethiopia,27,26,7,7,10,4,2,2,3,1,2,17,28,13,12,14,14
2008,China,Finland,57,53,4,2,23,1,0,1,2,2,0,44,61,26,17,31,36
2008,China,France,309,308,43,33,26,7,11,16,9,20,13,10,7,121,113,188,195
2008,China,Georgia,35,32,7,4,4,3,2,2,2,2,0,28,32,8,6,27,26
2008,China,Germany,420,441,41,49,14,16,13,11,16,14,20,5,6,183,191,237,250
2008,China,Great Britain,303,264,51,30,26,19,9,13,9,19,12,4,10,140,103,163,161
2008,China,Greece,152,426,3,16,17,0,6,2,6,1,4,60,15,70,211,82,215
2008,China,Hungary,169,208,10,17,24,3,8,5,6,2,3,21,12,83,90,86,118
2008,China,Iceland,27,18,1,1,4,0,0,1,0,0,1,72,71,7,9,20,9
2008,China,India,53,73,3,1,16,1,0,0,1,2,0,51,65,22,25,31,48
2008,China,Indonesia,24,38,6,4,6,1,1,1,1,4,2,40,48,9,16,15,22
2008,China,Iran,54,37,2,6,14,1,2,0,2,1,2,52,29,3,1,51,36
2008,China,Ireland,55,64,3,1,11,0,0,1,1,2,0,64,64,16,24,39,40
2008,China,Israel,43,36,1,2,5,0,1,0,0,1,1,82,52,20,16,23,20
2008,China,Italy,333,364,27,32,24,8,10,9,11,10,11,9,8,130,135,203,229
2008,China,Jamaica,50,47,11,5,13,5,2,4,1,2,2,15,35,27,25,23,22
2008,China,Japan,332,305,25,37,19,9,16,8,9,8,12,8,5,165,166,167,139
2008,China,Kazakhstan,130,114,9,8,4,2,1,3,4,4,3,29,40,70,43,60,71
2008,China,Kenya,46,46,16,7,10,6,1,4,4,6,2,13,41,18,24,28,22
2008,China,Kyrgyzstan,20,48,3,1,2,0,0,1,0,2,1,64,71,4,13,16,35
2008,China,Latvia,47,32,3,4,7,1,0,1,4,1,0,46,58,18,10,29,22
2008,China,Lithuania,71,59,5,3,5,0,1,3,2,2,0,57,45,27,12,44,47
2008,China,Malaysia,31,35,1,2,3,0,0,1,1,0,1,72,58,14,3,17,32
2008,China,Mauritius,11,0,1,0,1,0,0,0,0,1,0,82,-1,5,0,6,0
2008,China,Mexico,83,109,4,4,18,2,0,0,3,2,1,36,59,40,50,43,59
2008,China,Moldova,29,34,1,2,3,0,0,0,1,1,1,82,61,8,5,21,29
2008,China,Mongolia,28,20,4,1,9,2,0,2,0,0,1,33,71,14,7,14,13
2008,China,Morocco,47,55,2,3,8,0,2,1,1,1,0,68,37,11,8,36,47
2008,China,Netherlands,237,210,16,22,23,7,4,5,9,4,9,11,18,98,76,139,134
2008,China,New Zealand,178,148,9,5,19,3,3,2,2,4,0,27,24,82,67,96,81
2008,China,Nigeria,74,70,5,2,8,0,0,3,0,2,2,57,68,37,46,37,24
2008,China,North Korea,58,36,6,5,8,2,0,2,4,2,1,31,57,37,23,21,13
2008,China,Norway,84,52,9,6,22,3,5,5,0,1,1,22,17,54,17,30,35
2008,China,Panama,5,1,1,2,2,1,0,0,0,0,2,53,32,2,0,3,1
2008,China,Poland,257,194,11,10,19,4,3,5,2,2,5,16,23,101,62,156,132
2008,China,Portugal,77,80,2,3,13,1,0,1,2,0,1,47,60,26,17,51,63
2008,China,Romania,101,108,9,19,17,4,8,1,5,4,6,18,14,61,58,40,50
2008,China,Russia,452,445,60,90,4,24,28,13,26,23,36,3,3,223,201,229,244
2008,China,Samoa,6,0,1,0,1,0,0,1,0,0,0,72,-1,2,0,4,0
2008,China,Serbia,87,0,3,0,1,0,0,1,0,2,0,64,-1,24,0,63,0
2008,China,Singapore,25,5,1,1,2,0,0,1,1,0,0,72,32,14,0,11,5
2008,China,Slovakia,57,64,6,6,4,3,2,3,2,0,2,26,29,22,16,35,48
2008,China,Slovenia,61,79,5,4,5,1,0,2,1,2,3,39,63,21,23,40,56
2008,China,South Africa,134,106,1,6,16,0,1,1,3,0,2,72,43,59,40,75,66
2008,China,South Korea,263,260,32,30,14,13,9,11,12,8,9,7,9,104,116,159,145
2008,China,Spain,282,313,19,20,17,5,3,11,11,3,6,14,20,120,137,162,176
2008,China,Sudan,9,0,1,0,1,0,0,1,0,0,0,72,-1,4,0,5,0
2008,China,Sweden,123,114,5,7,24,0,4,4,2,1,1,56,19,73,53,50,61
2008,China,Switzerland,83,98,7,5,24,2,1,1,1,4,3,34,46,36,39,47,59
2008,China,Tajikistan,15,0,2,0,1,0,0,1,0,1,0,68,-1,3,0,12,0
2008,China,Thailand,47,42,6,8,8,2,3,2,1,2,4,31,25,25,18,22,24
2008,China,Togo,4,0,1,0,1,0,0,0,0,1,0,82,-1,1,0,3,0
2008,China,Trinidad and Tobago,28,19,2,1,8,1,0,1,0,0,1,47,71,11,9,17,10
2008,China,Tunisia,26,51,1,1,5,1,0,0,0,0,1,53,71,12,6,14,45
2008,China,Turkey,67,64,5,10,15,1,3,1,3,3,4,42,22,19,20,48,44
2008,China,Ukraine,243,239,22,22,4,7,8,4,5,11,9,12,13,116,115,127,124
2008,China,United States,587,533,112,101,25,36,36,39,39,37,26,2,1,282,254,305,279
2008,China,Uzbekistan,56,69,4,5,4,0,2,1,1,3,2,63,35,15,18,41,51
2008,China,Venezuela,108,48,1,2,8,0,0,0,0,1,2,82,68,51,15,57,33
2008,China,Vietnam,13,7,1,1,2,0,0,1,1,0,0,72,64,6,4,7,3
2008,China,Zimbabwe,13,12,4,3,3,1,1,3,1,0,1,38,49,5,3,8,9
2012,United Kingdom,Afghanistan,6,4,1,1,2,0,0,0,0,1,1,79,82,1,1,5,3
2012,United Kingdom,Algeria,38,56,1,2,6,1,0,0,1,0,1,50,68,17,22,21,34
2012,United Kingdom,Argentina,137,131,4,6,18,1,2,1,0,2,4,42,35,40,52,97,79
2012,United Kingdom,Armenia,24,24,2,5,4,0,0,1,1,1,4,65,62,4,2,20,22
2012,United Kingdom,Australia,405,432,35,46,25,8,14,15,15,12,17,8,6,184,199,221,233
2012,United Kingdom,Azerbaijan,52,44,9,6,5,2,1,2,1,5,4,32,40,14,14,38,30
2012,United Kingdom,Bahamas,21,25,1,2,8,1,0,0,1,0,1,50,68,9,9,12,16
2012,United Kingdom,Bahrain,12,0,1,0,1,1,0,0,0,0,0,50,-1,8,0,4,0
2012,United Kingdom,Belarus,160,177,10,14,5,2,3,5,4,3,7,28,24,71,84,89,93
2012,United Kingdom,Belgium,111,94,3,2,25,0,2,1,0,2,0,64,37,42,17,69,77
2012,United Kingdom,Botswana,4,0,1,0,1,0,0,1,0,0,0,70,-1,1,0,3,0
2012,United Kingdom,Brazil,246,265,17,17,18,3,3,5,4,9,10,22,23,117,129,129,136
2012,United Kingdom,Bulgaria,63,70,3,5,15,0,1,2,1,1,3,60,42,26,27,37,43
2012,United Kingdom,Cameroon,32,32,1,1,6,0,1,0,0,1,0,79,53,22,7,10,25
2012,United Kingdom,Canada,272,332,18,20,25,2,3,6,9,10,8,27,20,154,146,118,186
2012,United Kingdom,China,365,583,92,100,8,39,48,31,22,22,30,2,1,208,285,159,305
2012,United Kingdom,Chinese Taipei,44,79,2,4,7,1,1,0,1,1,2,48,44,25,36,19,43
2012,United Kingdom,Colombia,101,67,9,3,8,1,0,3,2,5,1,38,60,56,24,45,43
2012,United Kingdom,Croatia,107,99,6,5,6,3,0,1,2,2,3,26,59,43,19,64,80
2012,United Kingdom,Cuba,109,158,15,30,14,5,3,3,10,7,17,16,19,44,56,65,102
2012,United Kingdom,Cyprus,13,0,1,0,1,0,0,1,0,0,0,70,-1,4,0,9,0
2012,United Kingdom,Czech Republic,133,134,11,7,5,4,3,4,3,3,1,19,25,65,59,68,75
2012,United Kingdom,Denmark,113,84,9,7,26,2,2,4,2,3,3,30,30,48,20,65,64
2012,United Kingdom,Dominican Republic,33,24,2,2,4,1,1,1,1,0,0,47,47,20,6,13,18
2012,United Kingdom,Egypt,109,100,4,2,9,0,0,3,0,1,2,56,81,34,26,75,74
2012,United Kingdom,Estonia,32,47,2,2,9,0,1,1,1,1,0,65,47,9,13,23,34
2012,United Kingdom,Ethiopia,33,27,8,7,11,3,4,2,2,3,1,25,17,15,13,18,14
2012,United Kingdom,Finland,56,57,3,4,24,0,1,2,1,1,2,60,44,27,26,29,31
2012,United Kingdom,France,324,309,35,43,27,11,7,11,16,13,20,7,10,142,121,182,188
2012,United Kingdom,Gabon,21,0,1,0,1,0,0,1,0,0,0,70,-1,2,0,19,0
2012,United Kingdom,Georgia,34,35,6,7,5,1,3,2,2,3,2,40,28,6,8,28,27
2012,United Kingdom,Germany,383,420,44,41,15,11,16,20,11,13,14,6,5,171,183,212,237
2012,United Kingdom,Great Britain,530,303,65,51,27,29,19,18,13,18,19,3,4,257,140,273,163
2012,United Kingdom,Greece,102,152,2,3,18,0,0,0,2,2,1,77,60,37,70,65,82
2012,United Kingdom,Grenada,8,0,1,0,1,1,0,0,0,0,0,50,-1,3,0,5,0
2012,United Kingdom,Guatemala,19,0,1,0,1,0,0,1,0,0,0,70,-1,7,0,12,0
2012,United Kingdom,Hong Kong,41,32,1,1,3,0,0,0,1,1,0,79,65,20,18,21,14
2012,United Kingdom,Hungary,151,169,18,10,25,8,3,4,5,6,2,10,21,59,83,92,86
2012,United Kingdom,India,81,53,6,3,17,0,1,2,0,4,2,57,51,23,22,58,31
2012,United Kingdom,Indonesia,22,24,3,6,7,0,1,2,1,1,4,60,40,9,9,13,15
2012,United Kingdom,Iran,52,54,13,2,15,7,1,5,0,1,1,12,52,8,3,44,51
2012,United Kingdom,Ireland,64,55,6,3,12,1,0,1,1,4,2,41,64,28,16,36,39
2012,United Kingdom,Italy,281,333,28,27,25,8,8,9,9,11,10,9,9,123,130,158,203
2012,United Kingdom,Jamaica,45,50,13,11,14,4,5,5,4,4,2,18,15,22,27,23,23
2012,United Kingdom,Japan,291,332,38,25,20,7,9,14,8,17,8,11,8,155,165,136,167
2012,United Kingdom,Kazakhstan,113,130,11,9,5,3,2,2,3,6,4,23,29,40,70,73,60
2012,United Kingdom,Kenya,47,46,13,16,11,2,6,4,4,7,6,29,13,20,18,27,28
2012,United Kingdom,Kuwait,10,29,1,1,2,0,0,0,0,1,1,79,71,2,0,8,29
2012,United Kingdom,Latvia,45,47,2,3,8,1,1,0,1,1,1,48,46,14,18,31,29
2012,United Kingdom,Lithuania,62,71,5,5,6,2,0,0,3,3,2,35,57,23,27,39,44
2012,United Kingdom,Malaysia,28,31,2,1,4,0,0,1,1,1,0,65,72,13,14,15,17
2012,United Kingdom,Mexico,99,83,8,4,19,1,2,3,0,4,2,39,36,37,40,62,43
2012,United Kingdom,Mongolia,29,28,5,4,10,0,2,2,2,3,0,58,33,13,14,16,14
2012,United Kingdom,Montenegro,33,0,1,0,1,0,0,1,0,0,0,70,-1,15,0,18,0
2012,United Kingdom,Morocco,63,47,1,2,9,0,0,0,1,1,1,79,68,17,11,46,36
2012,United Kingdom,Netherlands,173,237,20,16,24,6,7,6,5,8,4,13,11,79,98,94,139
2012,United Kingdom,New Zealand,178,178,13,9,20,6,3,2,2,5,4,14,27,82,82,96,96
2012,United Kingdom,North Korea,51,58,6,6,9,4,2,0,2,2,2,21,31,36,37,15,21
2012,United Kingdom,Norway,61,84,4,9,23,2,3,1,5,1,1,34,22,28,54,33,30
2012,United Kingdom,Poland,210,257,11,11,20,3,4,2,5,6,2,23,16,86,101,124,156
2012,United Kingdom,Portugal,76,77,1,2,14,0,1,1,1,0,0,70,47,32,26,44,51
2012,United Kingdom,Puerto Rico,25,69,2,1,6,0,0,1,0,1,1,65,71,6,22,19,47
2012,United Kingdom,Qatar,12,17,2,1,3,0,0,1,0,1,1,65,71,4,0,8,17
2012,United Kingdom,Romania,105,101,7,9,18,2,4,4,1,1,4,31,18,50,61,55,40
2012,United Kingdom,Russia,427,452,65,60,5,18,24,21,13,26,23,4,3,225,223,202,229
2012,United Kingdom,Saudi Arabia,18,18,1,2,2,0,0,0,1,1,1,79,61,2,0,16,18
2012,United Kingdom,Serbia,116,87,4,3,2,1,0,1,1,2,2,42,64,36,24,80,63
2012,United Kingdom,Singapore,23,25,2,1,3,0,0,0,1,2,0,77,72,15,14,8,11
2012,United Kingdom,Slovakia,47,57,4,6,5,0,3,1,3,3,0,63,26,21,22,26,35
2012,United Kingdom,Slovenia,65,61,4,5,6,1,1,1,2,2,2,42,39,37,21,28,40
2012,United Kingdom,South Africa,124,134,6,1,17,4,0,1,1,1,0,20,72,56,59,68,75
2012,United Kingdom,South Korea,249,263,31,32,15,13,13,9,11,9,8,5,7,115,104,134,159
2012,United Kingdom,Spain,278,282,20,19,18,4,5,10,11,6,3,17,14,110,120,168,162
2012,United Kingdom,Sweden,133,123,8,5,25,1,0,4,4,3,1,37,56,78,73,55,50
2012,United Kingdom,Switzerland,98,83,4,7,25,2,2,2,1,0,4,33,34,28,36,70,47
2012,United Kingdom,Tajikistan,16,15,1,2,2,0,0,0,1,1,1,79,68,3,3,13,12
2012,United Kingdom,Thailand,37,47,4,6,9,0,2,2,2,2,2,59,31,18,25,19,22
2012,United Kingdom,Trinidad and Tobago,25,28,4,2,9,1,1,1,1,2,0,42,47,7,11,18,17
2012,United Kingdom,Tunisia,83,26,3,1,6,2,1,0,0,1,0,36,53,20,12,63,14
2012,United Kingdom,Turkey,112,67,3,5,16,1,1,1,1,1,3,46,42,64,19,48,48
2012,United Kingdom,Uganda,15,10,1,1,5,1,0,0,0,0,1,50,71,4,3,11,7
2012,United Kingdom,Ukraine,230,243,19,22,5,5,7,4,4,10,11,15,12,111,116,119,127
2012,United Kingdom,United States,529,587,104,112,26,48,36,26,39,30,37,1,2,268,282,261,305
2012,United Kingdom,Uzbekistan,53,56,3,4,5,0,0,0,1,3,3,76,63,17,15,36,41
2012,United Kingdom,Venezuela,68,108,1,1,9,1,0,0,0,0,1,50,82,26,51,42,57
2012,United Kingdom,Vietnam,18,13,1,1,3,0,0,0,1,1,0,79,72,12,6,6,7
2016,Brazil,Algeria,64,38,2,1,7,0,1,2,0,0,0,63,50,10,17,54,21
2016,Brazil,Argentina,215,137,4,4,19,3,1,1,1,0,2,26,42,75,40,140,97
2016,Brazil,Armenia,31,24,4,2,5,1,0,3,1,0,1,42,65,7,4,24,20
2016,Brazil,Australia,420,405,29,35,26,8,8,11,15,10,12,10,8,212,184,208,221
2016,Brazil,Austria,71,70,1,3,25,0,0,0,1,1,2,78,64,34,30,37,40
2016,Brazil,Azerbaijan,56,52,18,9,6,1,2,7,2,10,5,39,32,14,14,42,38
2016,Brazil,Bahamas,29,21,2,1,9,1,1,0,0,1,0,51,50,12,9,17,12
2016,Brazil,Bahrain,33,12,2,1,2,1,1,1,0,0,0,48,50,13,8,20,4
2016,Brazil,Belarus,120,160,9,10,6,1,2,4,5,4,3,40,28,67,71,53,89
2016,Brazil,Belgium,104,111,6,3,26,2,0,2,1,2,2,35,64,34,42,70,69
2016,Brazil,Brazil,458,246,19,17,19,7,3,6,5,6,9,13,22,207,117,251,129
2016,Brazil,Bulgaria,50,63,3,3,16,0,0,1,2,2,1,66,60,22,26,28,37
2016,Brazil,Burundi,9,7,1,1,2,0,1,1,0,0,0,69,49,4,1,5,6
2016,Brazil,Canada,309,272,22,18,26,4,2,3,6,15,10,20,27,183,154,126,118
2016,Brazil,China,390,365,70,92,9,26,39,18,31,26,22,3,2,240,208,150,159
2016,Brazil,Chinese Taipei,55,44,3,2,8,1,1,0,0,2,1,50,48,29,25,26,19
2016,Brazil,Colombia,143,101,8,9,9,3,1,2,3,3,5,22,38,70,56,73,45
2016,Brazil,Croatia,85,107,10,6,7,5,3,3,1,2,2,17,26,19,43,66,64
2016,Brazil,Cuba,117,109,11,15,15,5,5,2,3,4,7,18,16,34,44,83,65
2016,Brazil,Czech Republic,104,133,10,11,6,1,4,2,4,7,3,43,19,42,65,62,68
2016,Brazil,Denmark,117,113,15,9,27,2,2,6,4,7,3,27,30,41,48,76,65
2016,Brazil,Dominican Republic,26,33,1,2,5,0,1,0,1,1,0,78,47,8,20,18,13
2016,Brazil,Egypt,118,109,3,4,10,0,0,0,3,3,1,75,56,37,34,81,75
2016,Brazil,Estonia,46,32,1,2,10,0,0,0,1,1,1,78,65,18,9,28,23
2016,Brazil,Ethiopia,37,33,8,8,12,1,3,2,2,5,3,44,25,20,15,17,18
2016,Brazil,Fiji,53,0,1,0,1,1,0,0,0,0,0,54,-1,17,0,36,0
2016,Brazil,Finland,54,56,1,3,25,0,0,0,2,1,1,78,60,28,27,26,29
2016,Brazil,France,392,324,42,35,28,10,11,18,11,14,13,7,7,167,142,225,182
2016,Brazil,Georgia,40,34,7,6,6,2,1,1,2,4,3,38,40,10,6,30,28
2016,Brazil,Germany,418,383,42,44,16,17,11,10,20,15,13,5,6,194,171,224,212
2016,Brazil,Great Britain,360,530,67,65,28,27,29,23,18,17,18,2,3,159,257,201,273
2016,Brazil,Greece,92,102,6,2,19,3,0,1,0,2,2,25,77,36,37,56,65
2016,Brazil,Grenada,6,8,1,1,2,0,1,1,0,0,0,69,50,1,3,5,5
2016,Brazil,Hungary,153,151,15,18,26,8,8,3,4,4,6,12,10,65,59,88,92
2016,Brazil,Independent Olympic Athletes,9,0,2,0,1,1,0,0,0,1,0,51,-1,1,0,8,0
2016,Brazil,India,112,81,2,6,18,0,0,1,2,1,4,67,57,51,23,61,58
2016,Brazil,Indonesia,28,22,3,3,8,1,0,2,2,0,1,46,60,11,9,17,13
2016,Brazil,Iran,63,52,8,13,16,3,7,1,5,4,1,24,12,9,8,54,44
2016,Brazil,Ireland,76,64,2,6,13,0,1,2,1,0,4,63,41,26,28,50,36
2016,Brazil,Israel,47,43,2,1,6,0,0,0,0,2,1,77,82,25,20,22,23
2016,Brazil,Italy,309,281,28,28,26,8,8,12,9,8,11,9,9,141,123,168,158
2016,Brazil,Ivory Coast,12,15,2,1,2,1,0,0,1,1,0,51,33,7,1,5,14
2016,Brazil,Jamaica,56,45,11,13,15,6,4,3,5,2,4,16,18,31,22,25,23
2016,Brazil,Japan,335,291,41,38,21,12,7,8,14,21,17,6,11,164,155,171,136
2016,Brazil,Jordan,8,0,1,0,1,1,0,0,0,0,0,54,-1,1,0,7,0
2016,Brazil,Kazakhstan,101,113,17,11,6,2,3,5,2,10,6,30,23,46,40,55,73
2016,Brazil,Kenya,79,47,13,13,12,6,2,6,4,1,7,15,29,33,20,46,27
2016,Brazil,Kosovo,8,0,1,0,1,1,0,0,0,0,0,54,-1,5,0,3,0
2016,Brazil,Lithuania,67,62,4,5,7,0,2,1,0,3,3,65,35,19,23,48,39
2016,Brazil,Malaysia,32,28,5,2,5,0,0,4,1,1,1,60,65,15,13,17,15
2016,Brazil,Mexico,122,99,5,8,20,0,1,3,3,2,4,61,39,44,37,78,62
2016,Brazil,Mongolia,43,29,2,5,11,0,0,1,2,1,3,67,58,17,13,26,16
2016,Brazil,Morocco,48,63,1,1,10,0,0,0,0,1,1,78,79,19,17,29,46
2016,Brazil,Netherlands,237,173,19,20,25,8,6,7,6,4,8,11,13,132,79,105,94
2016,Brazil,New Zealand,195,178,18,13,21,4,6,9,2,5,5,19,14,97,82,98,96
2016,Brazil,Niger,6,4,1,1,2,0,0,1,0,0,1,69,43,2,0,4,4
2016,Brazil,Nigeria,71,74,1,5,9,0,0,0,3,1,2,78,57,24,37,47,37
2016,Brazil,North Korea,30,51,7,6,10,2,4,3,0,2,2,34,21,19,36,11,15
2016,Brazil,Norway,62,61,4,4,24,0,2,0,1,4,1,74,34,33,28,29,33
2016,Brazil,Philippines,13,12,1,1,8,0,0,1,1,0,0,69,61,6,4,7,8
2016,Brazil,Poland,234,210,11,11,21,2,3,3,2,6,6,33,23,95,86,139,124
2016,Brazil,Portugal,90,76,1,1,15,0,0,0,1,1,0,78,70,29,32,61,44
2016,Brazil,Puerto Rico,40,25,1,2,7,1,0,0,1,0,1,54,65,27,6,13,19
2016,Brazil,Qatar,37,12,1,2,4,0,0,1,1,0,1,69,65,2,4,35,8
2016,Brazil,Romania,95,105,4,7,19,1,2,1,4,2,1,47,31,61,50,34,55
2016,Brazil,Russia,284,427,56,65,6,19,18,17,21,20,26,4,4,142,225,142,202
2016,Brazil,Serbia,103,116,8,4,3,2,1,4,1,2,2,32,42,45,36,58,80
2016,Brazil,Singapore,24,23,1,2,4,1,0,0,0,0,2,54,77,16,15,9,8
2016,Brazil,Slovakia,51,47,4,4,6,2,0,2,1,0,3,37,63,19,21,32,26
2016,Brazil,Slovenia,63,65,4,4,7,1,1,2,1,1,2,45,42,24,37,39,28
2016,Brazil,South Africa,135,124,10,6,18,2,4,6,1,2,1,29,20,42,56,93,68
2016,Brazil,South Korea,207,249,21,31,16,9,13,3,9,9,9,8,5,104,115,103,134
2016,Brazil,Spain,306,278,17,20,19,7,4,4,10,6,6,14,17,142,110,164,168
2016,Brazil,Sweden,150,133,11,8,26,2,1,6,4,3,3,28,37,86,78,64,55
2016,Brazil,Switzerland,102,98,7,4,26,3,2,2,2,2,0,23,33,45,28,57,70
2016,Brazil,Tajikistan,7,16,1,1,3,1,0,0,0,0,1,54,79,2,3,5,13
2016,Brazil,Thailand,54,37,6,4,10,2,0,2,2,2,2,35,59,28,18,26,19
2016,Brazil,Trinidad and Tobago,28,25,1,4,10,0,1,0,1,1,2,78,42,10,7,18,18
2016,Brazil,Tunisia,61,83,3,3,7,0,2,0,0,3,1,75,36,20,20,41,63
2016,Brazil,Turkey,100,112,8,3,17,1,1,3,1,4,1,41,46,47,64,53,48
2016,Brazil,Ukraine,204,230,11,19,6,2,5,5,4,4,10,31,15,117,111,87,119
2016,Brazil,United Arab Emirates,12,4,1,1,2,0,1,0,0,1,0,78,54,3,0,9,4
2016,Brazil,United States,555,529,121,104,27,46,48,37,26,38,30,1,1,291,268,264,261
2016,Brazil,Uzbekistan,70,53,13,3,6,4,0,2,0,7,3,21,76,23,17,47,36
2016,Brazil,Venezuela,85,68,3,1,10,0,1,2,0,1,0,62,50,24,26,61,42
2016,Brazil,Vietnam,22,18,2,1,4,1,0,1,0,0,1,48,79,12,12,10,6
2020, Japan,Argentina,189,215,3,4,20,0,3,1,1,2,0,72,26,58,75,131,140
2020, Japan,Armenia,17,31,4,4,6,0,1,2,3,2,0,69,42,3,7,14,24
2020, Japan,Australia,489,420,46,29,27,17,8,7,11,22,10,6,10,261,212,228,208
2020, Japan,Austria,76,71,7,1,26,1,0,1,0,5,1,53,78,39,34,37,37
2020, Japan,Azerbaijan,44,56,7,18,7,0,1,3,7,4,10,67,39,16,14,28,42
2020, Japan,Bahamas,16,29,2,2,10,2,1,0,0,0,1,42,51,10,12,6,17
2020, Japan,Bahrain,32,33,1,2,3,0,1,1,1,0,0,77,48,7,13,25,20
2020, Japan,Belarus,103,120,7,9,7,1,1,3,4,3,4,45,40,58,67,45,53
2020, Japan,Belgium,130,104,7,6,27,3,2,1,2,3,2,29,35,58,34,72,70
2020, Japan,Bermuda,2,16,1,1,2,1,0,0,0,0,1,63,37,1,1,1,15
2020, Japan,Botswana,14,4,1,1,2,0,0,0,1,1,0,86,70,5,1,9,3
2020, Japan,Brazil,319,458,21,19,20,7,7,6,6,8,6,12,13,150,207,169,251
2020, Japan,Bulgaria,42,50,6,3,17,3,0,1,1,2,2,30,66,28,22,14,28
2020, Japan,Burkina Faso,7,0,1,0,1,0,0,0,0,1,0,86,-1,2,0,5,0
2020, Japan,Canada,386,309,24,22,27,7,4,7,3,10,15,11,20,235,183,151,126
2020, Japan,China,417,390,89,70,10,38,26,32,18,19,26,2,3,290,240,129,150
2020, Japan,Chinese Taipei,68,55,12,3,9,2,1,4,0,6,2,34,50,35,29,33,26
2020, Japan,Colombia,69,143,5,8,10,0,3,4,2,1,3,66,22,22,70,47,73
2020, Japan,Croatia,60,85,8,10,8,3,5,3,3,2,2,26,17,20,19,40,66
2020, Japan,Cuba,69,117,15,11,16,7,5,3,2,5,4,14,18,33,34,36,83
2020, Japan,Czech Republic,115,104,11,10,7,4,1,4,2,3,7,18,43,41,42,74,62
2020, Japan,Denmark,108,117,11,15,28,3,2,4,6,4,7,25,27,51,41,57,76
2020, Japan,Dominican Republic,66,26,5,1,6,0,0,3,0,2,1,68,78,24,8,42,18
2020, Japan,Ecuador,47,25,3,1,3,2,0,1,1,0,0,38,72,30,8,17,17
2020, Japan,Egypt,140,118,6,3,11,1,0,1,0,4,3,54,75,48,37,92,81
2020, Japan,Estonia,33,46,2,1,11,1,0,0,0,1,1,59,78,14,18,19,28
2020, Japan,Ethiopia,37,37,4,8,13,1,1,1,2,2,5,56,44,20,20,17,17
2020, Japan,Fiji,32,53,2,1,2,1,1,0,0,1,0,59,54,16,17,16,36
2020, Japan,Finland,45,54,2,1,26,0,0,0,0,2,1,85,78,23,28,22,26
2020, Japan,France,396,392,33,42,29,10,10,12,18,11,14,8,7,174,167,222,225
2020, Japan,Georgia,35,40,8,7,7,2,2,5,1,1,4,33,38,6,10,29,30
2020, Japan,Germany,415,418,37,42,17,10,17,11,10,16,15,9,5,168,194,247,224
2020, Japan,Ghana,14,34,1,1,5,0,0,0,0,1,1,86,54,2,2,12,32
2020, Japan,Great Britain,392,360,64,67,29,22,27,20,23,22,17,4,2,208,159,184,201
2020, Japan,Greece,82,92,4,6,20,2,3,1,1,1,2,36,25,36,36,46,56
2020, Japan,Grenada,6,6,1,1,3,0,0,0,1,1,0,86,69,2,1,4,5
2020, Japan,Hong Kong,44,41,6,1,4,1,0,2,0,3,1,49,79,27,20,17,21
2020, Japan,Hungary,171,153,20,15,27,6,8,7,3,7,4,15,12,90,65,81,88
2020, Japan,India,126,112,7,2,19,1,0,2,1,4,1,48,67,56,51,70,61
2020, Japan,Indonesia,28,28,5,3,9,1,1,1,2,3,0,55,46,12,11,16,17
2020, Japan,Iran,65,63,7,8,17,3,3,2,1,2,4,27,24,10,9,55,54
2020, Japan,Ireland,125,76,4,2,14,2,0,0,2,2,0,39,63,59,26,66,50
2020, Japan,Israel,90,47,4,2,7,2,0,0,0,2,2,39,77,35,25,55,22
2020, Japan,Italy,377,309,40,28,27,10,8,10,12,20,8,10,9,184,141,193,168
2020, Japan,Ivory Coast,31,12,1,2,3,0,1,0,0,1,1,86,51,6,7,25,5
2020, Japan,Jamaica,61,56,9,11,16,4,6,1,3,4,2,21,16,32,31,29,25
2020, Japan,Japan,613,335,58,41,22,27,12,14,8,17,21,3,6,291,164,322,171
2020, Japan,Jordan,14,8,2,1,2,0,1,1,0,1,0,74,54,4,1,10,7
2020, Japan,Kazakhstan,97,101,8,17,7,0,2,0,5,8,10,83,30,33,46,64,55
2020, Japan,Kenya,87,79,10,13,13,4,6,4,6,2,1,19,15,49,33,38,46
2020, Japan,Kosovo,11,8,2,1,2,2,1,0,0,0,0,42,54,6,5,5,3
2020, Japan,Kuwait,10,10,1,1,3,0,0,0,0,1,1,86,79,2,2,8,8
2020, Japan,Kyrgyzstan,16,20,3,3,3,0,0,2,1,1,2,70,64,5,4,11,16
2020, Japan,Latvia,33,45,2,2,9,1,1,0,0,1,1,59,48,13,14,20,31
2020, Japan,Lithuania,42,67,1,4,8,0,0,1,1,0,3,77,65,16,19,26,48
2020, Japan,Malaysia,30,32,2,5,6,0,0,1,4,1,1,74,60,18,15,12,17
2020, Japan,Mexico,162,122,4,5,21,0,0,0,3,4,2,84,61,65,44,97,78
2020, Japan,Moldova,20,29,1,1,4,0,0,0,0,1,1,86,82,11,8,9,21
2020, Japan,Mongolia,43,43,4,2,12,0,0,1,1,3,1,71,67,25,17,18,26
2020, Japan,Morocco,46,48,1,1,11,1,0,0,0,0,1,63,78,14,19,32,29
2020, Japan,Namibia,11,8,1,2,3,0,0,1,2,0,0,77,55,6,2,5,6
2020, Japan,Netherlands,282,237,36,19,26,10,8,12,7,14,4,7,11,167,132,115,105
2020, Japan,New Zealand,228,195,20,18,22,7,4,6,9,7,5,13,19,109,97,119,98
2020, Japan,Nigeria,53,71,2,1,10,0,0,1,0,1,1,74,78,29,24,24,47
2020, Japan,North Macedonia,8,0,1,0,1,0,0,1,0,0,0,77,-1,3,0,5,0
2020, Japan,Norway,93,62,8,4,25,4,0,2,0,2,4,20,74,34,33,59,29
2020, Japan,Philippines,19,13,4,1,9,1,0,2,1,1,0,50,69,10,6,9,7
2020, Japan,Poland,218,234,14,11,22,4,2,5,3,5,6,17,33,105,95,113,139
2020, Japan,Portugal,93,90,4,1,16,1,0,1,0,2,1,56,78,36,29,57,61
2020, Japan,Puerto Rico,37,40,1,1,8,1,1,0,0,0,0,63,54,24,27,13,13
2020, Japan,Qatar,16,37,3,1,5,2,0,0,1,1,0,41,69,3,2,13,35
2020, Japan,ROC,341,0,71,0,1,20,0,28,0,23,0,5,-1,191,0,150,0
2020, Japan,Romania,104,95,4,4,20,1,1,3,1,0,2,46,47,45,61,59,34
2020, Japan,San Marino,5,0,3,0,1,0,0,1,0,2,0,72,-1,2,0,3,0
2020, Japan,Saudi Arabia,33,18,1,1,3,0,0,1,0,0,1,77,79,2,2,31,16
2020, Japan,Serbia,87,103,9,8,4,3,2,1,4,5,2,28,32,44,45,43,58
2020, Japan,Slovakia,41,51,4,4,7,1,2,2,2,1,0,50,37,14,19,27,32
2020, Japan,Slovenia,53,63,5,4,8,3,1,1,2,1,1,31,45,25,24,28,39
2020, Japan,South Africa,181,135,3,10,19,1,2,2,6,0,2,52,29,62,42,119,93
2020, Japan,South Korea,237,207,20,21,17,6,9,4,3,10,9,16,8,106,104,131,103
2020, Japan,Spain,334,306,17,17,20,3,7,8,4,6,6,22,14,142,142,192,164
2020, Japan,Sweden,136,150,9,11,27,3,2,6,6,0,3,23,28,79,86,57,64
2020, Japan,Switzerland,116,102,13,7,27,3,3,4,2,6,2,24,23,57,45,59,57
2020, Japan,Syria,6,6,1,1,4,0,0,0,0,1,1,86,71,1,1,5,5
2020, Japan,Thailand,41,54,2,6,11,1,2,0,2,1,2,59,35,26,28,15,26
2020, Japan,Tunisia,63,61,2,3,8,1,0,1,0,0,3,58,75,29,20,34,41
2020, Japan,Turkey,107,100,13,8,18,2,1,2,3,9,4,35,41,50,47,57,53
2020, Japan,Turkmenistan,9,0,1,0,1,0,0,1,0,0,0,77,-1,4,0,5,0
2020, Japan,Uganda,25,15,4,1,6,2,1,1,0,1,0,36,50,13,4,12,11
2020, Japan,Ukraine,153,204,19,11,7,1,2,6,5,12,4,44,31,88,117,65,87
2020, Japan,United States,633,555,113,121,28,39,46,41,37,33,38,1,1,340,291,293,264
2020, Japan,Uzbekistan,67,70,5,13,7,3,4,0,2,2,7,32,21,30,23,37,47
2020, Japan,Venezuela,43,85,4,3,11,1,0,3,2,0,1,46,62,13,24,30,61
2024,France,Albania,8,0,2,0,1,0,0,0,0,2,0,80,-1,3,0,5,0
2024,France,Algeria,46,64,3,2,8,2,0,0,2,1,0,39,63,19,10,27,54
2024,France,Argentina,143,189,3,3,21,1,0,1,1,1,2,52,72,33,58,110,131
2024,France,Armenia,15,17,4,4,7,0,0,3,2,1,2,66,69,2,3,13,14
2024,France,Australia,474,489,53,46,28,18,17,19,7,16,22,4,6,264,261,210,228
2024,France,Austria,84,76,5,7,27,2,1,0,1,3,5,36,53,37,39,47,37
2024,France,Azerbaijan,48,44,7,7,8,2,0,2,3,3,4,30,67,20,16,28,28
2024,France,Bahrain,14,32,4,1,4,2,0,1,1,1,0,33,77,8,7,6,25
2024,France,Belgium,177,130,10,7,28,3,3,1,1,6,3,25,29,88,58,89,72
2024,France,Botswana,14,14,2,1,3,1,0,1,0,0,1,55,86,2,5,12,9
2024,France,Brazil,289,319,20,21,21,3,7,7,6,10,8,20,12,164,150,125,169
2024,France,Bulgaria,46,42,7,6,18,3,3,1,1,3,2,26,30,25,28,21,14
2024,France,Cabo Verde,0,0,1,0,1,0,0,0,0,1,0,84,-1,0,0,0,0
2024,France,Canada,332,386,27,24,28,9,7,7,7,11,10,12,11,203,235,129,151
2024,France,Chile,48,26,2,1,8,1,0,1,1,0,0,55,72,18,6,30,20
2024,France,China,396,417,91,89,11,40,38,27,32,24,19,2,2,262,290,134,129
2024,France,Chinese Taipei,60,68,7,12,10,2,2,0,4,5,6,35,34,34,35,26,33
2024,France,Colombia,88,69,4,5,11,0,0,3,4,1,1,66,66,51,22,37,47
2024,France,Croatia,73,60,7,8,9,2,3,2,3,3,2,30,26,15,20,58,40
2024,France,Cuba,61,69,9,15,17,2,7,1,3,6,5,32,14,27,33,34,36
2024,France,Cyprus,15,13,1,1,2,0,0,1,1,0,0,74,70,9,4,6,9
2024,France,Czech Republic,111,115,5,11,8,3,4,0,4,2,3,28,18,49,41,62,74
2024,France,Denmark,128,108,9,11,29,2,3,2,4,5,4,29,25,74,51,56,57
2024,France,Dominica,4,0,1,0,1,1,0,0,0,0,0,62,-1,2,0,2,0
2024,France,Dominican Republic,59,66,3,5,7,1,0,0,3,2,2,59,68,25,24,34,42
2024,France,Ecuador,40,47,5,3,4,1,2,2,1,2,0,49,38,24,30,16,17
2024,France,Egypt,155,140,3,6,12,1,1,1,1,1,4,52,54,53,48,102,92
2024,France,Ethiopia,33,37,4,4,14,1,1,3,1,0,2,47,56,17,20,16,17
2024,France,Fiji,36,32,1,2,3,0,1,1,0,0,1,74,59,17,16,19,16
2024,France,France,601,396,64,33,30,16,10,26,12,22,11,5,8,295,174,306,222
2024,France,Georgia,28,35,7,8,8,3,2,3,5,1,1,24,33,7,6,21,29
2024,France,Germany,457,415,33,37,18,12,10,13,11,8,16,10,9,225,168,232,247
2024,France,Great Britain,343,392,65,64,30,14,22,22,20,29,22,7,4,178,208,165,184
2024,France,Greece,100,82,8,4,21,1,2,1,1,6,1,51,36,41,36,59,46
2024,France,Grenada,6,6,2,1,4,0,0,0,0,2,1,80,86,2,2,4,4
2024,France,Guatemala,16,19,2,1,2,1,0,0,1,1,0,60,70,6,7,10,12
2024,France,Hong Kong,34,44,4,6,5,2,1,0,2,2,3,37,49,18,27,16,17
2024,France,Hungary,177,171,19,20,28,6,6,7,7,6,7,14,15,85,90,92,81
2024,France,India,112,126,6,7,20,0,1,1,2,5,4,71,48,46,56,66,70
2024,France,Indonesia,29,28,3,5,10,2,1,0,1,1,3,39,55,13,12,16,16
2024,France,Iran,41,65,12,7,18,3,3,6,2,3,2,21,27,11,10,30,55
2024,France,Ireland,143,125,7,4,15,4,2,0,0,3,2,19,39,69,59,74,66
2024,France,Israel,89,90,7,4,8,1,2,5,0,1,2,41,39,33,35,56,55
2024,France,Italy,397,377,40,40,28,12,10,13,10,15,20,9,10,192,184,205,193
2024,France,Ivory Coast,13,31,1,1,4,0,0,0,0,1,1,84,86,9,6,4,25
2024,France,Jamaica,65,61,6,9,17,1,4,3,1,2,4,44,21,32,32,33,29
2024,France,Japan,430,613,45,58,23,20,27,12,14,13,17,3,3,201,291,229,322
2024,France,Jordan,12,14,1,2,3,0,0,1,1,0,1,74,74,3,4,9,10
2024,France,Kazakhstan,79,97,7,8,8,1,0,3,0,3,8,43,83,25,33,54,64
2024,France,Kenya,74,87,11,10,14,4,4,2,4,5,2,17,19,34,49,40,38
2024,France,Kosovo,9,11,2,2,3,0,2,1,0,1,0,73,42,7,6,2,5
2024,France,Kyrgyzstan,16,16,6,3,4,0,0,2,2,4,1,68,70,5,5,11,11
2024,France,Lithuania,51,42,4,1,9,0,0,2,1,2,0,70,77,24,16,27,26
2024,France,Malaysia,26,30,2,2,7,0,0,0,1,2,1,80,74,13,18,13,12
2024,France,Mexico,108,162,5,4,22,0,0,3,0,2,4,65,84,63,65,45,97
2024,France,Moldova,26,20,4,1,5,0,0,1,0,3,1,72,86,12,11,14,9
2024,France,Mongolia,32,43,1,4,13,0,0,1,1,0,3,74,71,18,25,14,18
2024,France,Morocco,61,46,2,1,12,1,1,0,0,1,0,60,63,18,14,43,32
2024,France,Netherlands,288,282,34,36,27,15,10,7,12,12,14,6,7,170,167,118,115
2024,France,New Zealand,208,228,20,20,23,10,7,7,6,3,7,11,13,101,109,107,119
2024,France,North Korea,14,30,6,7,11,0,2,2,3,4,2,68,34,10,19,4,11
2024,France,Norway,109,93,8,8,26,4,4,1,2,3,2,18,20,53,34,56,59
2024,France,Pakistan,7,27,1,1,10,1,0,0,0,0,1,62,54,3,0,4,27
2024,France,Panama,8,5,1,1,3,0,1,1,0,0,0,74,53,5,2,3,3
2024,France,Peru,26,16,1,1,5,0,0,0,1,1,0,84,49,17,4,9,12
2024,France,Philippines,22,19,4,4,10,2,1,0,2,2,1,37,50,15,10,7,9
2024,France,Poland,226,218,10,14,23,1,4,4,5,5,5,42,17,124,105,102,113
2024,France,Portugal,75,93,4,4,17,1,1,2,1,1,2,50,56,37,36,38,57
2024,France,Puerto Rico,51,37,2,1,9,0,1,0,0,2,0,80,63,24,24,27,13
2024,France,Qatar,13,16,1,3,6,0,2,0,0,1,1,84,41,1,3,12,13
2024,France,Refugee Olympic Team,37,0,1,0,1,0,0,0,0,1,0,84,-1,13,0,24,0
2024,France,Romania,96,104,9,4,21,3,1,4,3,2,0,23,46,47,45,49,59
2024,France,Saint Lucia,4,0,2,0,1,1,0,1,0,0,0,55,-1,1,0,3,0
2024,France,Serbia,114,87,5,9,5,3,3,1,1,1,5,27,28,44,44,70,43
2024,France,Singapore,23,24,1,1,5,0,1,0,0,1,0,84,54,16,16,7,9
2024,France,Slovakia,28,41,1,4,8,0,1,0,2,1,1,84,50,14,14,14,27
2024,France,Slovenia,94,53,3,5,9,2,3,1,1,0,1,34,31,47,25,47,28
2024,France,South Africa,141,181,6,3,20,1,1,3,2,2,0,44,52,63,62,78,119
2024,France,South Korea,147,237,32,20,18,13,6,9,4,10,10,8,16,81,106,66,131
2024,France,Spain,400,334,18,17,21,5,3,4,8,9,6,15,22,202,142,198,192
2024,France,Sweden,125,136,11,9,28,4,3,4,6,3,0,16,23,66,79,59,57
2024,France,Switzerland,137,116,8,13,28,1,3,2,4,5,6,48,24,66,57,71,59
2024,France,Tajikistan,14,7,3,1,4,0,1,0,0,3,0,79,54,3,2,11,5
2024,France,Thailand,52,41,6,2,12,1,1,3,0,2,1,44,59,28,26,24,15
2024,France,Tunisia,26,63,3,2,9,1,1,1,1,1,0,52,58,14,29,12,34
2024,France,Turkey,101,107,8,13,19,0,2,3,2,5,9,64,35,54,50,47,57
2024,France,Uganda,25,25,2,4,7,1,2,1,1,0,1,55,36,13,13,12,12
2024,France,Ukraine,141,153,12,19,8,3,1,5,6,4,12,22,44,69,88,72,65
2024,France,United States,619,633,126,113,29,40,39,44,41,42,33,1,1,328,340,291,293
2024,France,Uzbekistan,88,67,13,5,8,8,3,2,0,3,2,13,32,31,30,57,37
2024,France,Zambia,31,8,1,1,3,0,0,0,1,1,0,84,61,22,1,9,7
