year,host_country,competing_country,lag_country_total_athletes,lag_country_total_medals,country_total_appearances,country_golds,lag_country_golds,country_silvers,lag_country_silvers,country_bronzes,lag_country_bronzes,lag_country_ranking,lag_country_female_athletes,lag_country_male_athletes
1896,Greece,Australia,0,0,1,2,0,0,0,0,0,-1,0,0
1896,Greece,Austria,0,0,1,2,0,1,0,2,0,-1,0,0
1896,Greece,Denmark,0,0,1,1,0,2,0,3,0,-1,0,0
1896,Greece,France,0,0,1,5,0,4,0,2,0,-1,0,0
1896,Greece,Germany,0,0,1,6,0,5,0,2,0,-1,0,0
1896,Greece,Great Britain,0,0,1,2,0,3,0,2,0,-1,0,0
1896,Greece,Greece,0,0,1,10,0,18,0,19,0,-1,0,0
1896,Greece,Hungary,0,0,1,2,0,1,0,3,0,-1,0,0
1896,Greece,Mixed team,0,0,1,1,0,0,0,1,0,-1,0,0
1896,Greece,Switzerland,0,0,1,1,0,2,0,0,0,-1,0,0
1896,Greece,United States,0,0,1,11,0,7,0,2,0,-1,0,0
1900,France,Australia,1,2,2,2,2,0,0,3,0,8,0,1
1900,France,Austria,3,5,2,0,2,3,1,3,2,7,0,3
1900,France,Belgium,0,0,1,6,0,7,0,4,0,-1,0,0
1900,France,Bohemia,0,0,1,0,0,1,0,1,0,-1,0,0
1900,France,Canada,0,0,1,1,0,0,0,1,0,-1,0,0
1900,France,Cuba,0,0,1,1,0,1,0,0,0,-1,0,0
1900,France,Denmark,3,6,2,1,1,3,2,2,3,9,0,3
1900,France,France,12,11,2,27,5,39,4,37,2,4,0,12
1900,France,Germany,19,13,2,4,6,3,5,2,2,3,0,19
1900,France,Great Britain,10,7,2,15,2,7,3,9,2,5,0,10
1900,France,Hungary,7,6,2,1,2,2,1,2,3,6,0,7
1900,France,India,0,0,1,0,0,2,0,0,0,-1,0,0
1900,France,Italy,0,0,1,3,0,2,0,0,0,-1,0,0
1900,France,Luxembourg,0,0,1,1,0,0,0,0,0,-1,0,0
1900,France,Mixed team,0,2,2,8,1,5,0,6,1,11,0,0
1900,France,Netherlands,0,0,1,0,0,2,0,3,0,-1,0,0
1900,France,Norway,0,0,1,0,0,2,0,3,0,-1,0,0
1900,France,Spain,0,0,1,1,0,0,0,0,0,-1,0,0
1900,France,Sweden,0,0,1,0,0,0,0,1,0,-1,0,0
1900,France,Switzerland,3,3,2,6,1,2,2,1,0,10,0,3
1900,France,United States,14,20,2,19,11,14,7,15,2,1,0,14
1904,United States,Australia,2,5,3,0,2,3,0,1,3,9,0,2
1904,United States,Austria,16,6,3,1,0,1,3,1,3,16,0,16
1904,United States,Canada,4,2,2,4,1,1,0,1,1,13,0,4
1904,United States,Cuba,1,2,2,3,1,0,1,0,0,12,0,1
1904,United States,France,715,103,3,0,27,1,39,0,37,1,12,703
1904,United States,Germany,76,9,3,4,4,5,3,6,2,7,0,76
1904,United States,Great Britain,104,31,3,1,15,1,7,0,9,3,1,103
1904,United States,Greece,102,47,2,1,10,0,18,1,19,2,0,102
1904,United States,Hungary,18,5,3,2,1,1,2,1,2,11,0,18
1904,United States,Mixed team,0,19,3,2,8,1,5,1,6,4,0,0
1904,United States,Norway,7,5,2,2,0,0,2,0,3,17,0,7
1904,United States,Switzerland,18,9,3,1,6,0,2,2,1,6,1,17
1904,United States,United States,75,48,3,76,19,78,14,77,15,2,7,68
1908,United Kingdom,Australasia,0,0,1,1,0,2,0,2,0,-1,0,0
1908,United Kingdom,Austria,2,3,4,0,1,0,1,1,1,8,0,2
1908,United Kingdom,Belgium,64,17,2,1,6,5,7,2,4,5,0,64
1908,United Kingdom,Bohemia,7,2,2,0,0,0,1,2,1,20,1,6
1908,United Kingdom,Canada,55,6,3,3,4,3,1,10,1,3,0,55
1908,United Kingdom,Denmark,13,6,3,0,1,2,3,3,2,10,0,13
1908,United Kingdom,Finland,0,0,1,1,0,1,0,3,0,-1,0,0
1908,United Kingdom,France,1,1,4,5,0,5,1,9,0,13,0,1
1908,United Kingdom,Germany,22,15,4,3,4,5,5,5,6,2,0,22
1908,United Kingdom,Great Britain,6,2,4,56,1,51,1,39,0,9,0,6
1908,United Kingdom,Greece,14,2,3,0,1,3,0,1,1,11,0,14
1908,United Kingdom,Hungary,4,4,4,3,2,4,1,2,1,5,0,4
1908,United Kingdom,Italy,23,5,2,2,3,2,2,0,0,8,1,22
1908,United Kingdom,Netherlands,35,5,2,0,0,0,2,2,3,17,0,35
1908,United Kingdom,Norway,3,2,3,2,2,3,0,3,0,7,0,3
1908,United Kingdom,Russian Empire,0,0,1,1,0,2,0,0,0,-1,0,0
1908,United Kingdom,South Africa,0,0,1,1,0,1,0,0,0,-1,0,0
1908,United Kingdom,Sweden,10,1,2,8,0,6,0,11,1,21,0,10
1908,United Kingdom,United States,518,231,4,23,76,12,78,12,77,1,6,512
1912,Sweden,Australasia,30,5,2,2,1,2,2,3,2,11,0,30
1912,Sweden,Austria,7,1,5,0,0,2,0,2,1,19,0,7
1912,Sweden,Belgium,70,8,3,2,1,1,5,3,2,10,0,70
1912,Sweden,Canada,87,16,4,3,3,2,3,3,10,7,0,87
1912,Sweden,Denmark,78,5,4,1,0,6,2,5,3,16,0,78
1912,Sweden,Finland,62,5,2,9,1,8,1,9,3,13,0,62
1912,Sweden,France,208,19,5,7,5,4,5,3,9,4,0,208
1912,Sweden,Germany,82,13,5,5,3,13,5,7,5,5,2,80
1912,Sweden,Great Britain,732,146,5,10,56,15,51,16,39,1,39,693
1912,Sweden,Greece,20,4,4,1,0,0,3,1,1,15,0,20
1912,Sweden,Hungary,65,9,5,3,3,2,4,3,2,6,0,65
1912,Sweden,Italy,66,4,3,3,2,1,2,2,0,9,0,66
1912,Sweden,Netherlands,113,2,3,0,0,0,0,3,2,17,0,113
1912,Sweden,Norway,69,8,4,3,2,2,3,5,3,8,0,69
1912,Sweden,Russian Empire,0,3,2,0,1,2,2,3,0,12,0,0
1912,Sweden,South Africa,14,2,2,4,1,2,1,0,0,14,0,14
1912,Sweden,Sweden,164,25,3,23,8,25,6,17,11,3,3,161
1912,Sweden,United States,119,47,5,26,23,19,12,19,12,2,0,119
1920,Belgium,Australia,2,4,4,0,0,2,3,1,1,12,0,2
1920,Belgium,Belgium,36,6,4,14,2,11,1,11,3,13,1,35
1920,Belgium,Brazil,0,0,1,1,0,1,0,1,0,-1,0,0
1920,Belgium,Canada,37,8,5,3,3,3,2,3,3,9,0,37
1920,Belgium,Czechoslovakia,0,0,1,0,0,0,0,2,0,-1,0,0
1920,Belgium,Denmark,147,12,5,3,1,9,6,1,5,14,1,146
1920,Belgium,Estonia,0,0,1,1,0,2,0,0,0,-1,0,0
1920,Belgium,Finland,164,26,3,15,9,10,8,9,9,4,2,162
1920,Belgium,France,119,14,6,9,7,19,4,13,3,5,1,118
1920,Belgium,Great Britain,273,41,6,14,10,15,15,13,16,3,10,263
1920,Belgium,Greece,22,2,5,0,1,1,0,0,1,15,0,22
1920,Belgium,Italy,66,6,4,13,3,5,1,5,2,11,0,66
1920,Belgium,Japan,0,0,1,0,0,2,0,0,0,-1,0,0
1920,Belgium,Luxembourg,1,1,2,0,1,1,0,0,0,14,0,1
1920,Belgium,Netherlands,33,3,4,4,0,2,0,5,3,18,0,33
1920,Belgium,New Zealand,0,0,1,0,0,0,0,1,0,-1,0,0
1920,Belgium,Norway,190,10,5,13,3,9,2,9,5,8,2,188
1920,Belgium,South Africa,21,6,3,3,4,4,2,3,0,7,0,21
1920,Belgium,Spain,9,1,2,0,1,2,0,0,0,14,0,9
1920,Belgium,Sweden,434,65,4,19,23,20,25,25,17,2,23,411
1920,Belgium,Switzerland,3,3,4,2,1,2,0,7,2,10,0,3
1920,Belgium,United States,172,64,6,41,26,27,19,27,19,1,0,172
1924,France,Argentina,0,0,1,1,0,3,0,2,0,-1,0,0
1924,France,Australia,13,3,5,3,0,1,2,2,1,16,1,12
1924,France,Austria,85,4,6,0,0,3,2,1,2,17,6,79
1924,France,Belgium,336,36,5,3,14,7,11,3,11,5,10,326
1924,France,Canada,52,9,6,0,3,3,3,1,3,12,0,52
1924,France,Czechoslovakia,119,2,2,1,0,4,0,5,2,21,1,118
1924,France,Denmark,151,13,6,2,3,5,9,2,1,10,4,147
1924,France,Estonia,14,3,2,1,1,1,2,4,0,14,0,14
1924,France,Finland,63,34,4,14,15,13,10,10,9,3,1,62
1924,France,France,304,41,7,13,9,15,19,10,13,8,8,296
1924,France,Great Britain,234,42,7,9,14,13,15,12,13,4,16,218
1924,France,Haiti,0,0,1,0,0,0,0,1,0,-1,0,0
1924,France,Hungary,121,8,6,2,3,3,2,4,3,9,0,121
1924,France,Italy,173,23,5,8,13,3,5,5,5,7,1,172
1924,France,Japan,15,2,2,0,0,0,2,1,0,17,0,15
1924,France,Netherlands,130,11,5,4,4,1,2,5,5,9,1,129
1924,France,New Zealand,4,1,2,0,0,0,0,1,1,22,1,3
1924,France,Norway,193,31,6,5,13,2,9,3,9,6,6,187
1924,France,Poland,0,0,1,0,0,1,0,1,0,-1,0,0
1924,France,Portugal,0,0,1,0,0,0,0,1,0,-1,0,0
1924,France,Romania,0,0,1,0,0,0,0,1,0,-1,0,0
1924,France,South Africa,39,10,4,1,3,1,4,1,3,11,1,38
1924,France,Sweden,256,64,5,4,19,13,20,12,25,2,13,243
1924,France,Switzerland,77,11,5,7,2,8,2,10,7,13,0,77
1924,France,United States,285,95,7,45,41,27,27,27,27,1,14,271
1924,France,Uruguay,0,0,1,1,0,0,0,0,0,-1,0,0
1924,France,Yugoslavia,0,0,1,2,0,0,0,0,0,-1,0,0
1928,Netherlands,Argentina,77,6,2,3,1,3,3,1,2,16,0,77
1928,Netherlands,Australia,36,6,6,1,3,2,1,1,2,11,1,35
1928,Netherlands,Austria,49,4,7,2,0,0,3,1,1,20,3,46
1928,Netherlands,Belgium,172,13,6,0,3,1,7,2,3,10,6,166
1928,Netherlands,Canada,65,4,7,4,0,4,3,7,1,20,0,65
1928,Netherlands,Chile,0,0,1,0,0,1,0,0,0,-1,0,0
1928,Netherlands,Czechoslovakia,133,10,3,2,1,5,4,2,5,15,4,129
1928,Netherlands,Denmark,89,9,7,3,2,1,5,2,2,12,12,77
1928,Netherlands,Egypt,0,0,1,2,0,1,0,1,0,-1,0,0
1928,Netherlands,Estonia,37,6,3,2,1,1,1,2,4,17,0,37
1928,Netherlands,Finland,121,37,5,8,14,8,13,9,10,2,0,121
1928,Netherlands,France,401,38,8,6,13,10,15,5,10,3,31,370
1928,Netherlands,Germany,185,25,6,10,5,7,13,14,7,6,5,180
1928,Netherlands,Great Britain,267,34,8,3,9,10,13,7,12,4,28,239
1928,Netherlands,Haiti,8,1,2,0,0,1,0,0,1,23,0,8
1928,Netherlands,Hungary,89,9,7,4,2,5,3,0,4,13,3,86
1928,Netherlands,India,1,2,2,1,0,0,2,0,0,19,0,1
1928,Netherlands,Ireland,0,0,1,1,0,0,0,0,0,-1,0,0
1928,Netherlands,Italy,199,16,6,7,8,5,3,7,5,5,4,195
1928,Netherlands,Japan,19,1,3,2,0,2,0,1,1,23,0,19
1928,Netherlands,Netherlands,177,10,6,6,4,9,1,4,5,9,9,168
1928,Netherlands,New Zealand,4,1,3,1,0,0,0,0,1,23,1,3
1928,Netherlands,Norway,62,10,7,1,5,2,2,1,3,7,2,60
1928,Netherlands,Philippines,0,0,1,0,0,0,0,1,0,-1,0,0
1928,Netherlands,Poland,65,2,2,1,0,1,1,3,1,22,1,64
1928,Netherlands,Portugal,28,1,2,0,0,0,0,1,1,23,0,28
1928,Netherlands,South Africa,30,3,5,1,1,0,1,2,1,18,0,30
1928,Netherlands,Spain,58,2,3,1,0,0,2,0,0,17,0,58
1928,Netherlands,Sweden,157,29,6,7,4,6,13,12,12,8,13,144
1928,Netherlands,Switzerland,141,25,6,7,7,4,8,4,10,6,5,136
1928,Netherlands,United States,297,99,8,22,45,18,27,16,27,1,24,273
1928,Netherlands,Uruguay,26,1,2,1,1,0,0,0,0,19,0,26
1928,Netherlands,Yugoslavia,42,2,2,1,2,1,0,3,0,14,0,42
1932,United States,Argentina,81,7,3,3,3,1,3,0,1,12,0,81
1932,United States,Australia,18,4,7,3,1,1,2,1,1,19,4,14
1932,United States,Austria,73,3,8,1,2,1,0,3,1,18,6,67
1932,United States,Belgium,187,3,7,0,0,0,1,1,2,29,12,175
1932,United States,Canada,69,15,8,2,4,5,4,9,7,10,7,62
1932,United States,Czechoslovakia,69,9,4,1,2,3,5,2,2,14,1,68
1932,United States,Denmark,91,6,8,0,3,5,1,3,2,13,9,82
1932,United States,Finland,69,25,6,5,8,8,8,12,9,3,2,67
1932,United States,France,255,21,9,11,6,5,10,4,5,7,36,219
1932,United States,Germany,293,31,7,5,10,12,7,7,14,2,35,258
1932,United States,Great Britain,231,20,9,5,3,7,10,5,7,11,31,200
1932,United States,Hungary,109,9,8,6,4,5,5,5,0,9,16,93
1932,United States,India,21,1,3,1,1,0,0,0,0,24,0,21
1932,United States,Ireland,38,1,2,2,1,0,0,0,0,24,5,33
1932,United States,Italy,174,19,7,12,7,12,5,12,7,5,18,156
1932,United States,Japan,40,5,4,7,2,7,2,4,1,15,1,39
1932,United States,Latvia,0,0,1,0,0,1,0,0,0,-1,0,0
1932,United States,Mexico,0,0,1,0,0,2,0,0,0,-1,0,0
1932,United States,Netherlands,266,19,7,2,6,5,9,1,4,8,44,222
1932,United States,New Zealand,9,1,4,0,1,1,0,0,0,24,3,6
1932,United States,Philippines,4,1,2,0,0,0,0,3,1,32,0,4
1932,United States,Poland,93,5,3,3,1,2,1,4,3,21,11,82
1932,United States,South Africa,24,3,6,2,1,0,0,3,2,23,6,18
1932,United States,Spain,80,1,4,0,1,0,0,1,0,24,0,80
1932,United States,Sweden,100,25,7,10,7,5,6,9,12,4,13,87
1932,United States,Switzerland,133,15,7,0,7,1,4,0,4,6,1,132
1932,United States,United States,277,56,9,44,22,36,18,30,16,1,44,233
1932,United States,Uruguay,17,1,3,0,1,0,0,1,0,24,0,17
1936,Germany,Argentina,33,4,4,2,3,2,1,3,0,12,0,33
1936,Germany,Australia,13,5,8,0,3,0,1,1,1,11,4,9
1936,Germany,Austria,19,5,9,5,1,7,1,5,3,18,2,17
1936,Germany,Belgium,36,1,8,0,0,0,0,3,1,26,7,29
1936,Germany,Canada,102,16,9,1,2,3,5,5,9,13,17,85
1936,Germany,Czechoslovakia,25,6,5,3,1,5,3,1,2,17,0,25
1936,Germany,Denmark,43,8,9,0,0,2,5,3,3,20,8,35
1936,Germany,Egypt,32,4,2,2,2,1,1,2,1,17,0,32
1936,Germany,Estonia,20,5,4,2,2,2,1,3,2,16,0,20
1936,Germany,Finland,40,25,7,8,5,6,8,6,12,8,0,40
1936,Germany,France,103,20,10,7,11,6,5,6,4,3,6,97
1936,Germany,Germany,145,24,8,38,5,31,12,32,7,7,9,136
1936,Germany,Great Britain,107,17,10,4,5,7,7,3,5,9,17,90
1936,Germany,Hungary,58,16,9,10,6,1,5,5,5,6,2,56
1936,Germany,India,19,1,4,1,1,0,0,0,0,19,0,19
1936,Germany,Italy,112,36,8,9,12,13,12,5,12,2,0,112
1936,Germany,Japan,157,18,5,6,7,4,7,10,4,5,18,139
1936,Germany,Latvia,5,1,2,0,0,1,1,1,0,22,0,5
1936,Germany,Mexico,72,2,2,0,0,0,2,3,0,21,2,70
1936,Germany,Netherlands,46,8,8,6,2,4,5,7,1,14,15,31
1936,Germany,New Zealand,21,1,5,1,0,0,1,0,0,22,1,20
1936,Germany,Norway,52,4,8,1,1,3,2,2,1,19,0,52
1936,Germany,Philippines,8,3,3,0,0,0,0,1,3,25,0,8
1936,Germany,Poland,51,9,4,0,3,4,2,5,4,10,9,42
1936,Germany,Portugal,31,1,3,0,0,0,0,1,1,32,0,31
1936,Germany,Romania,35,1,2,0,0,1,0,0,1,23,0,35
1936,Germany,South Africa,12,5,7,0,2,1,0,0,3,15,2,10
1936,Germany,Sweden,81,24,8,6,10,5,5,10,9,4,3,78
1936,Germany,Switzerland,7,1,8,4,0,9,1,5,0,22,0,7
1936,Germany,Turkey,0,0,1,1,0,0,0,1,0,-1,0,0
1936,Germany,United States,463,110,10,24,44,21,36,12,30,1,74,389
1936,Germany,Yugoslavia,34,5,3,0,1,1,1,0,3,21,0,34
1948,United Kingdom,Argentina,51,7,5,3,2,3,2,1,3,14,1,50
1948,United Kingdom,Australia,32,1,9,2,0,6,0,5,1,30,4,28
1948,United Kingdom,Austria,234,17,10,1,5,0,7,3,5,10,17,217
1948,United Kingdom,Belgium,150,3,9,2,0,2,0,3,3,28,5,145
1948,United Kingdom,Brazil,19,3,2,0,1,0,1,1,1,15,0,19
1948,United Kingdom,Canada,97,9,10,0,1,1,3,2,5,17,18,79
1948,United Kingdom,Ceylon,0,0,1,0,0,1,0,0,0,-1,0,0
1948,United Kingdom,Cuba,3,3,3,0,3,1,0,0,0,4,0,3
1948,United Kingdom,Czechoslovakia,189,9,6,6,3,2,5,3,1,13,14,175
1948,United Kingdom,Denmark,121,5,10,5,0,7,2,8,3,23,16,105
1948,United Kingdom,Egypt,53,5,3,2,2,2,1,1,2,16,0,53
1948,United Kingdom,Finland,108,20,8,8,8,7,6,5,6,5,5,103
1948,United Kingdom,France,201,19,11,10,7,6,6,13,6,6,11,190
1948,United Kingdom,Great Britain,208,14,11,3,4,14,7,6,3,12,37,171
1948,United Kingdom,Hungary,216,16,10,10,10,5,1,12,5,3,19,197
1948,United Kingdom,India,27,1,5,1,1,0,0,0,0,20,0,27
1948,United Kingdom,Iran,0,0,1,0,0,0,0,1,0,-1,0,0
1948,United Kingdom,Italy,244,27,9,8,9,11,13,8,5,4,16,228
1948,United Kingdom,Jamaica,0,0,1,1,0,2,0,0,0,-1,0,0
1948,United Kingdom,Mexico,32,3,3,2,0,1,0,2,3,28,0,32
1948,United Kingdom,Netherlands,165,17,9,5,6,2,4,9,7,9,21,144
1948,United Kingdom,Norway,70,6,9,1,1,3,3,3,2,18,2,68
1948,United Kingdom,Panama,0,0,1,0,0,0,0,2,0,-1,0,0
1948,United Kingdom,Peru,0,0,1,1,0,0,0,0,0,-1,0,0
1948,United Kingdom,Poland,144,9,5,0,0,0,4,1,5,22,17,127
1948,United Kingdom,Portugal,19,1,4,0,0,1,0,1,1,30,0,19
1948,United Kingdom,Puerto Rico,0,0,1,0,0,0,0,1,0,-1,0,0
1948,United Kingdom,South Africa,32,1,8,2,0,1,1,1,0,25,5,27
1948,United Kingdom,South Korea,0,0,1,0,0,0,0,2,0,-1,0,0
1948,United Kingdom,Spain,7,1,5,0,0,1,0,0,1,26,0,7
1948,United Kingdom,Sweden,169,21,9,16,6,11,5,17,10,7,8,161
1948,United Kingdom,Switzerland,190,18,9,5,4,10,9,5,5,11,6,184
1948,United Kingdom,Trinidad and Tobago,0,0,1,0,0,1,0,0,0,-1,0,0
1948,United Kingdom,Turkey,48,2,2,6,1,4,0,2,1,19,2,46
1948,United Kingdom,United States,352,57,11,38,24,27,21,19,12,2,46,306
1948,United Kingdom,Uruguay,2,1,4,0,0,1,0,1,1,26,0,2
1948,United Kingdom,Yugoslavia,93,1,4,0,0,2,1,0,0,25,15,78
1952,Finland,Argentina,199,7,6,1,3,2,3,2,1,13,11,188
1952,Finland,Australia,75,13,10,6,2,2,6,3,5,14,9,66
1952,Finland,Austria,148,4,11,0,1,1,0,1,3,21,32,116
1952,Finland,Belgium,151,7,10,2,2,2,2,0,3,15,20,131
1952,Finland,Brazil,70,1,3,1,0,0,0,2,1,34,11,59
1952,Finland,Bulgaria,0,0,1,0,0,0,0,1,0,-1,0,0
1952,Finland,Canada,127,3,11,1,0,2,1,0,2,25,21,106
1952,Finland,Chile,38,1,2,0,0,2,1,0,0,30,0,38
1952,Finland,Czechoslovakia,87,11,7,7,6,3,2,3,3,8,14,73
1952,Finland,Denmark,160,20,11,2,5,1,7,3,8,10,18,142
1952,Finland,Egypt,85,5,4,0,2,0,2,1,1,16,0,85
1952,Finland,Finland,129,20,9,6,8,3,7,13,5,6,6,123
1952,Finland,France,316,29,12,6,10,6,6,6,13,3,37,279
1952,Finland,Germany,433,101,9,0,38,7,31,17,32,1,44,389
1952,Finland,Great Britain,406,23,12,1,3,2,14,8,6,12,69,337
1952,Finland,Hungary,128,27,11,16,10,10,5,16,12,4,21,107
1952,Finland,India,79,1,6,1,1,0,0,1,0,22,0,79
1952,Finland,Iran,36,1,2,0,0,3,0,4,1,34,0,36
1952,Finland,Ireland,16,2,3,0,2,1,0,0,0,16,2,14
1952,Finland,Italy,215,27,10,8,8,9,11,4,8,5,21,194
1952,Finland,Jamaica,13,3,2,2,1,3,2,0,0,20,4,9
1952,Finland,Japan,220,20,6,1,6,6,4,2,10,8,19,201
1952,Finland,Lebanon,0,0,1,0,0,1,0,1,0,-1,0,0
1952,Finland,Luxembourg,25,1,3,1,0,0,1,0,0,19,0,25
1952,Finland,Mexico,88,5,4,0,2,1,1,0,2,17,7,81
1952,Finland,Netherlands,149,16,10,0,5,5,2,0,9,11,34,115
1952,Finland,New Zealand,7,1,6,1,1,0,0,2,0,20,0,7
1952,Finland,Norway,81,7,10,3,1,2,3,0,3,19,4,77
1952,Finland,Poland,38,1,6,1,0,2,0,1,1,34,7,31
1952,Finland,Portugal,48,2,5,0,0,0,1,1,1,26,0,48
1952,Finland,Romania,54,1,3,1,0,1,1,2,0,25,2,52
1952,Finland,South Africa,35,4,9,2,2,4,1,4,1,18,1,34
1952,Finland,South Korea,46,2,2,0,0,0,0,2,2,32,1,45
1952,Finland,Soviet Union,0,0,1,22,0,30,0,19,0,-1,0,0
1952,Finland,Spain,65,1,6,0,0,1,1,0,0,28,0,65
1952,Finland,Sweden,180,44,10,12,16,13,11,10,17,2,19,161
1952,Finland,Switzerland,186,20,10,2,5,6,10,6,5,9,8,178
1952,Finland,Trinidad and Tobago,5,1,2,0,0,0,1,2,0,28,0,5
1952,Finland,Turkey,58,12,3,2,6,0,4,1,2,7,1,57
1952,Finland,United States,289,84,12,40,38,19,27,17,19,1,38,251
1952,Finland,Uruguay,61,2,5,0,0,0,1,2,1,26,1,60
1952,Finland,Venezuela,0,0,1,0,0,0,0,1,0,-1,0,0
1952,Finland,Yugoslavia,90,2,5,1,0,2,2,0,0,24,11,79
1956,Australia,Argentina,123,5,7,0,1,1,2,1,2,19,8,115
1956,Australia,Australia,81,11,11,13,6,8,2,14,3,9,10,71
1956,Australia,Austria,112,2,12,0,0,0,1,2,1,32,21,91
1956,Australia,Bahamas,0,0,1,0,0,0,0,1,0,-1,0,0
1956,Australia,Belgium,134,4,11,0,2,2,2,0,0,14,5,129
1956,Australia,Brazil,97,3,4,1,1,0,0,0,2,24,5,92
1956,Australia,Bulgaria,63,1,2,1,0,3,0,1,1,40,9,54
1956,Australia,Canada,107,3,12,2,1,1,2,3,0,21,10,97
1956,Australia,Chile,59,2,3,0,0,2,2,2,0,31,4,55
1956,Australia,Czechoslovakia,99,13,8,1,7,4,3,1,3,6,13,86
1956,Australia,Denmark,128,6,12,1,2,2,1,1,3,15,14,114
1956,Australia,Finland,258,22,10,3,6,1,3,11,13,8,30,228
1956,Australia,France,245,18,13,4,6,4,6,6,6,7,31,214
1956,Australia,Great Britain,256,11,13,6,1,7,2,11,8,18,44,212
1956,Australia,Greece,47,1,6,0,0,0,1,1,0,19,0,47
1956,Australia,Hungary,188,42,12,9,16,10,10,7,16,3,27,161
1956,Australia,Iceland,0,0,1,0,0,1,0,0,0,-1,0,0
1956,Australia,India,64,2,7,1,1,0,0,0,1,26,4,60
1956,Australia,Iran,22,7,3,2,0,2,3,1,4,30,0,22
1956,Australia,Ireland,19,1,4,1,0,1,1,3,0,34,0,19
1956,Australia,Italy,231,21,11,8,8,8,9,9,4,5,23,208
1956,Australia,Japan,69,9,7,4,1,10,6,5,2,17,11,58
1956,Australia,Mexico,64,1,5,1,0,0,1,1,0,34,3,61
1956,Australia,New Zealand,14,3,7,2,1,0,0,0,2,24,2,12
1956,Australia,Norway,102,5,11,1,3,0,2,2,0,10,6,96
1956,Australia,Pakistan,0,0,1,0,0,1,0,0,0,-1,0,0
1956,Australia,Poland,125,4,7,1,1,4,2,4,1,20,22,103
1956,Australia,Romania,114,4,4,5,1,3,1,5,2,23,11,103
1956,Australia,South Africa,64,10,10,0,2,0,4,4,4,12,4,60
1956,Australia,South Korea,19,2,3,0,0,1,0,1,2,37,1,18
1956,Australia,Soviet Union,295,71,2,37,22,29,30,32,19,2,40,255
1956,Australia,Sweden,205,35,11,8,12,5,13,6,10,4,23,182
1956,Australia,Switzerland,157,14,11,0,2,0,6,1,6,11,9,148
1956,Australia,Turkey,51,3,4,3,2,2,0,2,1,16,0,51
1956,Australia,United States,279,76,13,32,40,25,19,17,17,1,41,238
1956,Australia,United Team of Germany,0,0,1,6,0,13,0,7,0,-1,0,0
1956,Australia,Uruguay,32,2,6,0,0,0,0,1,2,37,1,31
1956,Australia,Yugoslavia,87,3,6,0,1,3,2,0,0,21,10,77
1960,Italy,Argentina,35,2,8,0,0,1,1,1,1,29,1,34
1960,Italy,Australia,298,35,12,8,13,8,8,6,14,3,44,254
1960,Italy,Austria,34,2,13,1,0,1,0,0,2,34,5,29
1960,Italy,Belgium,57,2,12,0,0,2,2,2,0,28,4,53
1960,Italy,Brazil,47,1,5,0,1,0,0,2,0,24,1,46
1960,Italy,British West Indies,0,0,1,0,0,0,0,2,0,-1,0,0
1960,Italy,Bulgaria,46,5,3,1,1,3,3,3,1,19,3,43
1960,Italy,Canada,96,6,13,0,2,1,1,0,3,15,15,81
1960,Italy,Czechoslovakia,63,6,9,3,1,2,4,3,1,18,12,51
1960,Italy,Denmark,37,4,13,2,1,3,2,1,1,20,6,31
1960,Italy,Egypt,106,1,5,0,0,1,0,1,1,40,0,106
1960,Italy,Ethiopia,0,0,1,1,0,0,0,0,0,-1,0,0
1960,Italy,Finland,71,15,11,1,3,1,1,3,11,13,1,70
1960,Italy,Formosa,0,0,1,0,0,1,0,0,0,-1,0,0
1960,Italy,France,145,14,14,0,4,2,4,3,6,11,18,127
1960,Italy,Ghana,0,0,1,0,0,1,0,0,0,-1,0,0
1960,Italy,Great Britain,197,24,14,2,6,6,7,12,11,8,29,168
1960,Italy,Greece,13,1,7,1,0,0,0,0,1,35,0,13
1960,Italy,Hungary,111,26,13,6,9,8,10,7,7,4,20,91
1960,Italy,India,58,1,8,0,1,1,0,0,0,24,1,57
1960,Italy,Iran,17,5,4,0,2,1,2,3,1,14,0,17
1960,Italy,Iraq,0,0,1,0,0,0,0,1,0,-1,0,0
1960,Italy,Italy,135,25,12,13,8,10,8,13,9,5,15,120
1960,Italy,Japan,112,19,8,4,4,7,10,7,5,10,16,96
1960,Italy,Mexico,24,2,6,0,1,0,0,1,1,23,3,21
1960,Italy,Morocco,0,0,1,0,0,1,0,0,0,-1,0,0
1960,Italy,Netherlands,104,5,11,0,0,1,5,2,0,29,26,78
1960,Italy,New Zealand,51,2,8,2,2,0,0,1,0,16,8,43
1960,Italy,Norway,22,3,12,1,1,0,0,0,2,22,3,19
1960,Italy,Pakistan,53,1,2,1,0,0,1,1,0,31,0,53
1960,Italy,Poland,64,9,8,4,1,6,4,11,4,17,15,49
1960,Italy,Portugal,71,1,6,0,0,1,0,0,1,40,3,68
1960,Italy,Romania,50,13,5,3,5,1,3,6,5,9,11,39
1960,Italy,Singapore,0,0,1,0,0,1,0,0,0,-1,0,0
1960,Italy,South Africa,50,4,11,0,0,1,0,2,4,33,6,44
1960,Italy,Soviet Union,281,98,3,43,37,29,29,31,32,1,39,242
1960,Italy,Spain,27,1,7,0,0,0,1,1,0,34,0,27
1960,Italy,Sweden,97,19,12,1,8,2,5,3,6,6,14,83
1960,Italy,Switzerland,9,1,12,0,0,3,0,3,1,35,0,9
1960,Italy,Turkey,19,7,5,7,3,2,2,0,2,12,0,19
1960,Italy,United States,300,74,14,34,32,21,25,16,17,2,47,253
1960,Italy,United Team of Germany,0,26,2,12,6,19,13,11,7,7,0,0
1960,Italy,Venezuela,38,1,2,0,0,0,0,1,1,40,2,36
1960,Italy,Yugoslavia,35,3,7,1,0,1,3,0,0,26,3,32
1964,Japan,Argentina,92,2,9,0,0,1,1,0,1,30,1,91
1964,Japan,Australia,189,22,13,6,8,2,8,10,6,5,29,160
1964,Japan,Bahamas,4,1,2,1,0,0,0,0,1,35,0,4
1964,Japan,Belgium,100,4,13,2,0,0,2,1,2,26,8,92
1964,Japan,Brazil,72,2,6,0,0,0,0,1,2,39,1,71
1964,Japan,Bulgaria,97,7,4,3,1,5,3,2,3,15,9,88
1964,Japan,Canada,85,1,14,1,0,2,1,1,0,32,11,74
1964,Japan,Cuba,53,1,4,0,0,1,1,0,0,28,0,53
1964,Japan,Czechoslovakia,116,8,10,5,3,6,2,3,3,10,17,99
1964,Japan,Denmark,99,6,14,2,2,1,3,3,1,13,12,87
1964,Japan,Ethiopia,10,1,2,1,1,0,0,0,0,21,0,10
1964,Japan,Finland,117,5,12,3,1,0,1,2,3,17,10,107
1964,Japan,France,238,5,15,1,0,8,2,6,3,25,28,210
1964,Japan,Ghana,13,1,2,0,0,0,1,1,0,32,0,13
1964,Japan,Great Britain,253,20,15,4,2,12,6,2,12,12,47,206
1964,Japan,Hungary,183,21,14,10,6,7,8,5,7,7,27,156
1964,Japan,India,45,1,9,1,0,0,1,0,0,32,0,45
1964,Japan,Iran,23,4,5,0,0,0,1,2,3,27,0,23
1964,Japan,Ireland,18,5,5,0,1,0,1,1,3,21,1,17
1964,Japan,Italy,280,36,13,10,13,10,10,7,13,3,34,246
1964,Japan,Japan,161,18,9,16,4,5,7,8,7,8,20,141
1964,Japan,Kenya,0,0,1,0,0,0,0,1,0,-1,0,0
1964,Japan,Mexico,69,1,7,0,0,0,0,1,1,41,6,63
1964,Japan,Netherlands,110,3,12,2,0,4,1,4,2,28,30,80
1964,Japan,New Zealand,37,3,9,3,2,0,0,2,1,14,4,33
1964,Japan,Nigeria,0,0,1,0,0,0,0,1,0,-1,0,0
1964,Japan,Pakistan,43,2,3,0,1,1,0,0,1,20,0,43
1964,Japan,Philippines,28,1,4,0,0,1,0,0,1,30,0,28
1964,Japan,Poland,185,21,9,7,4,6,6,10,11,9,29,156
1964,Japan,Romania,98,10,6,2,3,4,1,6,6,11,16,82
1964,Japan,South Korea,35,2,4,0,0,2,1,1,1,29,0,35
1964,Japan,Soviet Union,283,103,4,30,43,31,29,35,31,1,50,233
1964,Japan,Sweden,133,6,13,2,1,2,2,4,3,16,19,114
1964,Japan,Switzerland,149,6,13,1,0,2,3,1,3,24,2,147
1964,Japan,Trinidad and Tobago,2,2,3,0,0,1,0,2,2,37,0,2
1964,Japan,Tunisia,0,0,1,0,0,1,0,1,0,-1,0,0
1964,Japan,Turkey,49,9,6,2,7,3,2,1,0,6,3,46
1964,Japan,United States,289,71,15,36,34,26,21,28,16,2,51,238
1964,Japan,United Team of Germany,0,42,3,10,12,22,19,18,11,4,0,0
1964,Japan,Uruguay,21,1,7,0,0,0,0,1,1,35,0,21
1964,Japan,Yugoslavia,116,2,8,2,1,1,1,2,0,18,9,107
1968,Mexico,Argentina,102,1,10,0,0,0,1,2,0,30,6,96
1968,Mexico,Australia,243,18,14,5,6,7,2,5,10,8,40,203
1968,Mexico,Austria,103,2,14,0,1,2,1,2,0,18,21,82
1968,Mexico,Belgium,61,3,14,0,2,1,0,1,1,20,1,60
1968,Mexico,Brazil,61,1,7,0,0,1,0,2,1,35,1,60
1968,Mexico,Bulgaria,63,10,5,2,3,4,5,3,2,11,7,56
1968,Mexico,Cameroon,0,0,1,0,0,1,0,0,0,-1,0,0
1968,Mexico,Canada,115,4,15,1,1,3,2,1,1,22,20,95
1968,Mexico,Cuba,27,1,5,0,0,4,1,0,0,30,2,25
1968,Mexico,Czechoslovakia,104,14,11,7,5,2,6,4,3,9,9,95
1968,Mexico,Denmark,60,6,15,1,2,4,1,3,3,18,7,53
1968,Mexico,East Germany,0,0,1,9,0,9,0,7,0,-1,0,0
1968,Mexico,Ethiopia,12,1,3,1,1,1,0,0,0,24,0,12
1968,Mexico,Finland,89,5,13,1,3,2,0,1,2,12,5,84
1968,Mexico,France,138,15,16,7,1,3,8,5,6,21,20,118
1968,Mexico,Great Britain,204,18,16,5,4,5,12,3,2,10,44,160
1968,Mexico,Greece,48,1,8,0,1,0,0,1,0,21,0,48
1968,Mexico,Hungary,182,22,15,10,10,10,7,12,5,6,32,150
1968,Mexico,India,52,1,10,0,1,0,0,1,0,24,1,51
1968,Mexico,Iran,62,2,6,2,0,1,0,2,2,34,4,58
1968,Mexico,Italy,167,27,14,3,10,4,10,9,7,5,11,156
1968,Mexico,Jamaica,8,5,3,0,2,1,3,0,0,13,2,6
1968,Mexico,Japan,328,29,10,11,16,7,5,7,8,3,58,270
1968,Mexico,Kenya,37,1,2,3,0,4,0,2,1,35,0,37
1968,Mexico,Mexico,93,1,8,3,0,3,0,3,1,35,4,89
1968,Mexico,Mongolia,0,0,1,0,0,1,0,3,0,-1,0,0
1968,Mexico,Netherlands,125,10,13,3,2,3,4,1,4,15,20,105
1968,Mexico,New Zealand,63,5,10,1,3,0,0,2,2,12,8,55
1968,Mexico,Norway,40,1,13,1,1,1,0,0,0,21,1,39
1968,Mexico,Pakistan,41,1,4,1,0,0,1,0,0,30,0,41
1968,Mexico,Poland,139,23,10,5,7,2,6,11,10,7,25,114
1968,Mexico,Romania,138,12,7,4,2,6,4,5,6,14,30,108
1968,Mexico,South Korea,153,3,5,0,0,1,2,1,1,27,26,127
1968,Mexico,Soviet Union,316,96,5,29,30,32,31,30,35,2,63,253
1968,Mexico,Sweden,94,8,14,2,2,1,2,1,4,17,18,76
1968,Mexico,Switzerland,66,4,14,0,1,1,2,4,1,22,1,65
1968,Mexico,Taiwan,0,0,1,0,0,0,0,1,0,-1,0,0
1968,Mexico,Tunisia,9,2,2,1,0,0,1,1,1,29,0,9
1968,Mexico,Turkey,23,6,7,2,2,0,3,0,1,16,0,23
1968,Mexico,Uganda,0,0,1,0,0,1,0,1,0,-1,0,0
1968,Mexico,United States,344,90,16,45,36,28,26,34,28,1,79,265
1968,Mexico,Venezuela,36,1,3,1,0,0,0,0,1,41,5,31
1968,Mexico,West Germany,0,0,1,5,0,11,0,10,0,-1,0,0
1968,Mexico,Yugoslavia,75,5,9,3,2,3,1,2,2,19,3,72
1972,West Germany,Argentina,89,2,11,0,0,1,0,0,2,41,5,84
1972,West Germany,Australia,128,17,15,8,5,7,7,2,5,9,24,104
1972,West Germany,Austria,43,4,15,0,0,1,2,2,2,32,8,35
1972,West Germany,Belgium,82,2,15,0,0,2,1,0,1,36,5,77
1972,West Germany,Brazil,75,3,8,0,0,0,1,2,2,35,3,72
1972,West Germany,Bulgaria,112,9,6,6,2,10,4,5,3,18,10,102
1972,West Germany,Canada,139,5,16,0,1,2,3,3,1,23,28,111
1972,West Germany,Colombia,0,0,1,0,0,1,0,2,0,-1,0,0
1972,West Germany,Cuba,115,4,6,3,0,1,4,4,0,31,14,101
1972,West Germany,Czechoslovakia,121,13,12,2,7,4,2,2,4,7,27,94
1972,West Germany,Denmark,62,8,16,1,1,0,4,0,3,22,4,58
1972,West Germany,East Germany,225,25,2,20,9,23,9,23,7,5,40,185
1972,West Germany,Ethiopia,18,2,4,0,1,0,1,2,0,25,0,18
1972,West Germany,Finland,66,4,14,3,1,1,2,4,1,24,6,60
1972,West Germany,France,200,15,17,2,7,4,3,7,5,6,31,169
1972,West Germany,Ghana,33,1,3,0,0,0,0,1,1,35,3,30
1972,West Germany,Great Britain,225,13,17,4,5,5,5,9,3,10,50,175
1972,West Germany,Greece,44,1,9,0,0,2,0,0,1,42,0,44
1972,West Germany,Hungary,166,32,16,6,10,13,10,16,12,4,32,134
1972,West Germany,India,23,1,11,0,0,0,0,1,1,42,0,23
1972,West Germany,Iran,14,5,7,0,2,2,1,1,2,19,0,14
1972,West Germany,Italy,167,16,15,5,3,3,4,10,9,13,15,152
1972,West Germany,Jamaica,25,1,4,0,0,0,1,1,0,39,5,20
1972,West Germany,Japan,171,25,11,13,11,8,7,8,7,3,25,146
1972,West Germany,Kenya,39,9,3,2,3,3,4,4,2,14,3,36
1972,West Germany,Lebanon,0,2,2,0,0,1,1,0,1,32,0,0
1972,West Germany,Mexico,272,9,9,0,3,1,3,0,3,15,42,230
1972,West Germany,Mongolia,16,4,2,0,0,1,1,0,3,34,4,12
1972,West Germany,Netherlands,107,7,14,3,3,1,3,1,1,17,25,82
1972,West Germany,New Zealand,52,3,11,1,1,1,0,1,2,27,5,47
1972,West Germany,Niger,0,0,1,0,0,0,0,1,0,-1,0,0
1972,West Germany,Nigeria,18,1,2,0,0,0,0,1,1,35,2,16
1972,West Germany,North Korea,0,0,1,1,0,1,0,3,0,-1,0,0
1972,West Germany,Norway,46,2,14,2,1,1,1,1,0,25,8,38
1972,West Germany,Pakistan,15,1,5,0,1,1,0,0,0,29,0,15
1972,West Germany,Poland,177,18,11,7,5,5,2,9,11,11,37,140
1972,West Germany,Romania,82,15,8,3,4,6,6,7,5,12,16,66
1972,West Germany,South Korea,54,2,6,0,0,1,1,0,1,36,13,41
1972,West Germany,Soviet Union,311,91,6,50,29,27,32,22,30,2,66,245
1972,West Germany,Spain,143,1,8,0,0,0,0,1,1,41,11,132
1972,West Germany,Sweden,100,4,15,4,2,6,1,6,1,20,14,86
1972,West Germany,Switzerland,85,5,15,0,0,3,1,0,4,33,4,81
1972,West Germany,Tunisia,7,2,3,0,1,1,0,0,1,28,0,7
1972,West Germany,Turkey,29,2,8,0,2,1,0,0,0,21,0,29
1972,West Germany,Uganda,11,2,2,1,0,1,1,0,1,36,0,11
1972,West Germany,United States,355,107,17,33,45,31,28,30,34,1,83,272
1972,West Germany,West Germany,275,26,2,13,5,11,11,16,10,8,43,232
1972,West Germany,Yugoslavia,69,8,10,2,3,1,3,2,2,16,10,59
1976,Canada,Australia,168,17,16,0,8,1,7,4,2,6,29,139
1976,Canada,Austria,111,3,16,0,0,0,1,1,2,31,14,97
1976,Canada,Belgium,88,2,16,0,0,3,2,3,0,29,6,82
1976,Canada,Bermuda,0,0,1,0,0,0,0,1,0,-1,0,0
1976,Canada,Brazil,80,2,9,0,0,0,0,2,2,41,3,77
1976,Canada,Bulgaria,129,21,7,6,6,9,10,7,5,9,24,105
1976,Canada,Canada,207,5,17,0,0,5,2,6,3,27,50,157
1976,Canada,Cuba,137,8,7,6,3,4,1,3,4,14,28,109
1976,Canada,Czechoslovakia,181,8,13,2,2,2,4,4,2,18,36,145
1976,Canada,Denmark,126,1,17,1,1,0,0,2,0,25,12,114
1976,Canada,East Germany,297,66,3,40,20,25,23,25,23,3,66,231
1976,Canada,Finland,96,8,15,4,3,2,1,0,4,14,7,89
1976,Canada,France,227,13,18,2,2,3,4,4,7,17,30,197
1976,Canada,Great Britain,284,18,18,3,4,5,5,5,9,12,74,210
1976,Canada,Hungary,226,35,17,4,6,5,13,13,16,8,45,181
1976,Canada,Iran,48,3,8,0,0,1,2,1,1,28,0,48
1976,Canada,Italy,223,18,16,2,5,7,3,4,10,10,27,196
1976,Canada,Jamaica,32,1,5,1,0,1,0,0,1,43,12,20
1976,Canada,Japan,184,29,12,9,13,6,8,10,8,5,36,148
1976,Canada,Mexico,171,1,10,1,0,0,1,1,0,33,22,149
1976,Canada,Mongolia,39,1,3,0,0,1,1,0,0,33,2,37
1976,Canada,Netherlands,119,5,15,0,3,2,1,3,1,16,29,90
1976,Canada,New Zealand,89,3,12,2,1,1,1,1,1,23,7,82
1976,Canada,North Korea,37,5,2,1,1,1,1,0,3,22,14,23
1976,Canada,Norway,112,4,15,1,2,1,1,0,1,21,11,101
1976,Canada,Pakistan,24,1,6,0,0,0,1,1,0,33,0,24
1976,Canada,Poland,290,21,12,7,7,6,5,13,9,7,38,252
1976,Canada,Portugal,65,1,7,0,0,2,1,0,0,32,5,60
1976,Canada,Puerto Rico,9,1,2,0,0,0,0,1,1,34,0,9
1976,Canada,Romania,159,16,9,4,3,9,6,14,7,13,27,132
1976,Canada,South Korea,42,1,7,1,0,1,1,4,0,33,10,32
1976,Canada,Soviet Union,371,99,7,49,50,41,27,35,22,1,73,298
1976,Canada,Spain,122,1,9,0,0,2,0,0,1,43,5,117
1976,Canada,Sweden,131,16,16,4,4,1,6,0,6,11,27,104
1976,Canada,Switzerland,151,3,16,1,0,1,3,2,0,26,29,122
1976,Canada,Thailand,0,0,1,0,0,0,0,1,0,-1,0,0
1976,Canada,Trinidad and Tobago,13,3,4,1,0,0,1,0,2,28,0,13
1976,Canada,United States,397,94,18,34,33,35,31,25,30,2,84,313
1976,Canada,Venezuela,23,1,4,0,1,1,0,0,0,29,0,23
1976,Canada,West Germany,424,40,3,10,13,12,11,17,16,4,83,341
1976,Canada,Yugoslavia,126,5,11,2,2,3,1,3,2,20,13,113
1980,Soviet Union,Australia,180,5,17,2,0,2,1,5,4,32,34,146
1980,Soviet Union,Austria,60,1,17,1,0,2,0,1,1,37,6,54
1980,Soviet Union,Belgium,101,6,17,1,0,0,3,0,3,28,26,75
1980,Soviet Union,Brazil,79,2,10,2,0,0,0,2,2,36,7,72
1980,Soviet Union,Bulgaria,155,22,8,8,6,16,9,17,7,7,52,103
1980,Soviet Union,Cuba,156,13,8,8,6,7,4,5,3,8,24,132
1980,Soviet Union,Czechoslovakia,163,8,14,2,2,3,2,9,4,17,38,125
1980,Soviet Union,Denmark,66,3,18,2,1,1,0,2,2,24,10,56
1980,Soviet Union,East Germany,267,90,4,47,40,37,25,42,25,2,113,154
1980,Soviet Union,Ethiopia,31,2,5,2,0,0,0,2,2,41,0,31
1980,Soviet Union,Finland,83,6,16,3,4,1,2,4,0,11,6,77
1980,Soviet Union,France,206,9,19,6,2,5,3,3,4,15,29,177
1980,Soviet Union,Great Britain,242,13,19,5,3,7,5,9,5,13,66,176
1980,Soviet Union,Greece,60,2,10,1,0,0,2,2,0,29,2,58
1980,Soviet Union,Guyana,0,0,1,0,0,0,0,1,0,-1,0,0
1980,Soviet Union,Hungary,177,22,18,7,4,10,5,15,13,10,54,123
1980,Soviet Union,India,41,1,12,1,0,0,0,0,1,43,1,40
1980,Soviet Union,Ireland,25,1,6,0,0,1,0,1,1,35,1,24
1980,Soviet Union,Italy,209,13,17,8,2,3,7,4,4,14,27,182
1980,Soviet Union,Jamaica,20,2,6,0,1,0,1,3,0,21,9,11
1980,Soviet Union,Lebanon,0,1,3,0,0,0,1,1,0,33,0,0
1980,Soviet Union,Mexico,96,2,11,0,1,1,0,3,1,25,5,91
1980,Soviet Union,Mongolia,32,1,4,0,0,2,1,2,0,34,2,30
1980,Soviet Union,Netherlands,108,5,16,0,0,1,2,2,3,29,36,72
1980,Soviet Union,North Korea,38,2,3,0,1,3,1,2,0,21,2,36
1980,Soviet Union,Poland,207,26,13,3,7,14,6,15,13,6,27,180
1980,Soviet Union,Romania,157,27,10,6,4,6,9,13,14,9,54,103
1980,Soviet Union,Soviet Union,408,125,8,80,49,69,41,46,35,1,125,283
1980,Soviet Union,Spain,113,2,10,1,0,3,2,2,0,30,10,103
1980,Soviet Union,Sweden,116,5,17,3,4,3,1,6,0,12,17,99
1980,Soviet Union,Switzerland,50,4,17,2,1,0,1,0,2,20,3,47
1980,Soviet Union,Tanzania,0,0,1,0,0,2,0,0,0,-1,0,0
1980,Soviet Union,Uganda,33,2,3,0,1,1,1,0,0,24,2,31
1980,Soviet Union,Venezuela,32,1,5,0,0,1,1,0,0,34,9,23
1980,Soviet Union,Yugoslavia,88,8,12,2,2,3,3,4,3,16,5,83
1980,Soviet Union,Zimbabwe,0,0,1,1,0,0,0,0,0,-1,0,0
1984,United States,Algeria,0,0,1,0,0,0,0,2,0,-1,0,0
1984,United States,Australia,120,9,18,4,2,8,2,12,5,15,28,92
1984,United States,Austria,83,4,18,1,1,1,2,1,1,21,19,64
1984,United States,Belgium,59,1,18,1,1,1,0,2,0,23,16,43
1984,United States,Brazil,106,4,11,1,2,5,0,2,2,17,15,91
1984,United States,Cameroon,5,1,2,0,0,0,1,1,0,39,0,5
1984,United States,Canada,385,11,18,10,0,18,5,16,6,27,124,261
1984,United States,China,0,0,1,15,0,8,0,9,0,-1,0,0
1984,United States,Chinese Taipei,0,0,1,0,0,0,0,1,0,-1,0,0
1984,United States,Colombia,59,3,2,0,0,1,1,0,2,31,4,55
1984,United States,Denmark,58,5,19,0,2,3,1,3,2,16,3,55
1984,United States,Dominican Republic,0,0,1,0,0,0,0,1,0,-1,0,0
1984,United States,Egypt,0,2,6,0,0,1,1,0,1,30,0,0
1984,United States,Finland,105,8,17,4,3,2,1,6,4,12,6,99
1984,United States,France,121,14,20,5,6,7,5,16,3,8,23,98
1984,United States,Great Britain,219,21,20,5,5,11,7,21,9,9,70,149
1984,United States,Greece,41,3,11,0,1,1,0,1,2,22,3,38
1984,United States,Iceland,2,1,2,0,0,0,1,1,0,31,0,2
1984,United States,Ireland,47,2,7,0,0,1,1,0,1,31,3,44
1984,United States,Italy,159,15,18,14,8,6,3,12,4,5,38,121
1984,United States,Ivory Coast,0,0,1,0,0,1,0,0,0,-1,0,0
1984,United States,Jamaica,18,3,7,0,0,1,0,2,3,34,7,11
1984,United States,Japan,213,25,13,10,9,8,6,14,10,5,60,153
1984,United States,Kenya,57,9,4,1,2,0,3,2,4,19,2,55
1984,United States,Mexico,45,4,12,2,0,3,1,1,3,29,9,36
1984,United States,Morocco,47,1,2,2,0,0,1,0,0,32,0,47
1984,United States,Netherlands,75,3,17,5,0,2,1,6,2,30,18,57
1984,United States,New Zealand,80,4,13,8,2,1,1,2,1,18,9,71
1984,United States,Nigeria,25,1,3,0,0,1,0,1,1,43,5,20
1984,United States,Norway,66,2,16,0,1,1,1,2,0,21,6,60
1984,United States,Pakistan,24,1,7,1,0,0,0,0,1,37,0,24
1984,United States,Peru,41,1,2,0,1,1,0,0,0,22,0,41
1984,United States,Portugal,19,2,8,1,0,0,2,2,0,30,0,19
1984,United States,Puerto Rico,80,1,3,0,0,1,0,1,1,37,7,73
1984,United States,Romania,226,25,11,20,6,16,6,17,13,7,74,152
1984,United States,South Korea,50,6,8,6,1,6,1,7,4,19,12,38
1984,United States,Spain,155,6,11,1,1,2,3,2,2,20,9,146
1984,United States,Sweden,144,12,18,2,3,11,3,6,6,11,23,121
1984,United States,Switzerland,73,2,18,0,2,4,0,4,0,19,6,67
1984,United States,Syria,0,0,1,0,0,1,0,0,0,-1,0,0
1984,United States,Thailand,42,1,2,0,0,1,0,0,1,37,3,39
1984,United States,Turkey,43,1,9,0,0,0,1,3,0,33,1,42
1984,United States,United States,391,94,19,83,34,61,35,30,25,3,118,273
1984,United States,Venezuela,37,1,6,0,0,0,1,3,0,32,0,37
1984,United States,West Germany,290,39,4,17,10,19,12,23,17,4,57,233
1984,United States,Yugoslavia,164,9,13,7,2,4,3,7,4,14,28,136
1984,United States,Zambia,0,0,1,0,0,0,0,1,0,-1,0,0
1988,South Korea,Argentina,92,1,12,0,0,1,1,1,0,33,4,88
1988,South Korea,Australia,242,24,19,3,4,6,8,5,12,14,73,169
1988,South Korea,Austria,102,3,19,1,1,0,1,0,1,22,31,71
1988,South Korea,Belgium,63,4,19,0,1,0,1,2,2,21,16,47
1988,South Korea,Brazil,147,8,12,1,1,2,5,3,2,19,21,126
1988,South Korea,Bulgaria,270,41,9,10,8,12,16,13,17,3,88,182
1988,South Korea,Canada,408,44,19,3,10,2,18,5,16,6,151,257
1988,South Korea,Chile,33,4,4,0,0,1,2,0,2,27,2,31
1988,South Korea,China,215,32,2,5,15,11,8,12,9,4,83,132
1988,South Korea,Colombia,39,1,3,0,0,0,1,1,0,33,3,36
1988,South Korea,Costa Rica,0,0,1,0,0,1,0,0,0,-1,0,0
1988,South Korea,Czechoslovakia,209,14,15,3,2,3,3,2,9,13,47,162
1988,South Korea,Denmark,60,6,20,2,0,1,3,1,3,27,11,49
1988,South Korea,Djibouti,0,0,1,0,0,0,0,1,0,-1,0,0
1988,South Korea,East Germany,346,126,5,37,47,35,37,30,42,2,124,222
1988,South Korea,Finland,86,12,18,1,4,1,2,2,6,15,13,73
1988,South Korea,France,238,28,21,6,5,4,7,6,16,12,49,189
1988,South Korea,Great Britain,337,37,21,5,5,10,11,9,21,11,108,229
1988,South Korea,Greece,63,2,12,0,0,0,1,1,1,30,4,59
1988,South Korea,Hungary,260,32,19,11,7,6,10,6,15,6,81,179
1988,South Korea,Indonesia,0,0,1,0,0,1,0,0,0,-1,0,0
1988,South Korea,Iran,84,2,9,0,0,1,1,0,1,33,4,80
1988,South Korea,Italy,268,32,19,6,14,4,6,4,12,5,46,222
1988,South Korea,Jamaica,45,3,8,0,0,2,1,0,2,28,14,31
1988,South Korea,Japan,226,32,14,4,10,3,8,7,14,7,52,174
1988,South Korea,Kenya,61,3,5,5,1,2,0,2,2,23,5,56
1988,South Korea,Mexico,98,6,13,0,2,0,3,2,1,17,22,76
1988,South Korea,Mongolia,43,4,5,0,0,0,2,1,2,27,4,39
1988,South Korea,Morocco,34,2,3,1,2,0,0,2,0,18,1,33
1988,South Korea,Netherlands,135,13,18,2,5,2,2,5,6,13,54,81
1988,South Korea,Netherlands Antilles,0,0,1,0,0,1,0,0,0,-1,0,0
1988,South Korea,New Zealand,130,11,14,3,8,2,1,8,2,8,32,98
1988,South Korea,Norway,103,3,17,2,0,3,1,0,2,28,19,84
1988,South Korea,Pakistan,31,1,8,0,1,0,0,1,0,25,0,31
1988,South Korea,Peru,35,1,3,0,0,1,1,0,0,33,16,19
1988,South Korea,Philippines,47,1,5,0,0,0,1,1,0,30,7,40
1988,South Korea,Poland,305,32,14,2,3,5,14,9,15,10,74,231
1988,South Korea,Portugal,38,3,9,1,1,0,0,0,2,23,9,29
1988,South Korea,Romania,124,53,12,7,20,11,16,6,17,2,53,71
1988,South Korea,Senegal,0,0,1,0,0,1,0,0,0,-1,0,0
1988,South Korea,South Korea,174,19,9,12,6,10,6,11,7,10,58,116
1988,South Korea,Soviet Union,489,195,9,55,80,31,69,46,46,1,149,340
1988,South Korea,Spain,179,5,12,1,1,1,2,2,2,20,16,163
1988,South Korea,Suriname,0,0,1,1,0,0,0,0,0,-1,0,0
1988,South Korea,Sweden,172,19,19,0,2,4,11,7,6,16,42,130
1988,South Korea,Switzerland,129,8,19,0,0,2,4,2,4,26,27,102
1988,South Korea,Thailand,35,1,3,0,0,0,1,1,0,33,10,25
1988,South Korea,Turkey,46,3,10,1,0,1,0,0,3,40,1,45
1988,South Korea,United States,519,174,20,36,83,31,61,27,30,1,183,336
1988,South Korea,Virgin Islands,0,0,1,0,0,1,0,0,0,-1,0,0
1988,South Korea,West Germany,389,59,5,11,17,14,19,15,23,3,123,266
1988,South Korea,Yugoslavia,139,18,14,3,7,4,4,5,7,9,34,105
1992,Spain,Algeria,33,2,2,1,0,0,0,1,2,42,0,33
1992,Spain,Argentina,118,2,13,0,0,0,1,1,1,35,25,93
1992,Spain,Australia,252,14,20,7,3,9,6,11,5,15,72,180
1992,Spain,Austria,73,1,20,0,1,2,0,0,0,29,7,66
1992,Spain,Bahamas,11,1,3,0,1,0,0,1,0,24,0,11
1992,Spain,Belgium,59,2,20,0,0,1,0,2,2,44,24,35
1992,Spain,Brazil,157,6,13,2,1,1,2,0,3,24,33,124
1992,Spain,Bulgaria,172,35,10,3,10,7,12,6,13,7,68,104
1992,Spain,Canada,328,10,20,7,3,4,2,7,5,19,105,223
1992,Spain,China,271,28,3,16,5,22,11,16,12,11,124,147
1992,Spain,Chinese Taipei,38,1,2,0,0,1,0,0,1,43,7,31
1992,Spain,Colombia,40,1,4,0,0,0,0,1,1,46,6,34
1992,Spain,Croatia,0,0,1,0,0,1,0,2,0,-1,0,0
1992,Spain,Cuba,203,20,9,14,8,6,7,11,5,4,33,170
1992,Spain,Czechoslovakia,163,8,16,4,3,2,3,1,2,17,53,110
1992,Spain,Denmark,78,4,21,1,2,1,1,4,1,23,21,57
1992,Spain,Estonia,33,7,5,1,2,0,2,1,3,14,0,33
1992,Spain,Ethiopia,41,4,6,1,2,0,0,2,2,17,2,39
1992,Spain,Finland,78,4,19,1,1,2,1,2,2,25,19,59
1992,Spain,France,266,16,22,8,6,5,4,16,6,9,74,192
1992,Spain,Germany,205,24,10,33,0,21,7,28,17,28,32,173
1992,Spain,Ghana,35,1,4,0,0,0,0,1,1,43,2,33
1992,Spain,Great Britain,345,24,22,5,5,3,10,12,9,12,126,219
1992,Spain,Greece,56,1,13,2,0,0,0,0,1,46,12,44
1992,Spain,Hungary,188,23,20,11,11,12,6,7,6,6,36,152
1992,Spain,Independent Olympic Participants,0,0,1,0,0,1,0,2,0,-1,0,0
1992,Spain,Indonesia,29,1,2,2,0,2,1,1,0,36,6,23
1992,Spain,Iran,23,1,10,0,0,1,1,2,0,36,0,23
1992,Spain,Ireland,42,1,8,1,0,1,1,0,0,33,14,28
1992,Spain,Israel,0,0,1,0,0,1,0,1,0,-1,0,0
1992,Spain,Italy,253,14,20,6,6,5,4,8,4,10,41,212
1992,Spain,Jamaica,35,2,9,0,0,3,2,1,0,34,11,24
1992,Spain,Japan,255,14,15,3,4,8,3,11,7,14,69,186
1992,Spain,Kenya,74,9,6,2,5,4,2,2,2,13,4,70
1992,Spain,Latvia,29,2,3,0,0,2,1,1,1,24,0,29
1992,Spain,Lithuania,0,0,1,1,0,0,0,1,0,-1,0,0
1992,Spain,Malaysia,0,0,1,0,0,0,0,1,0,-1,0,0
1992,Spain,Mexico,81,2,14,0,0,1,0,0,2,44,17,64
1992,Spain,Mongolia,28,1,6,0,0,0,0,2,1,46,4,24
1992,Spain,Morocco,27,3,4,1,1,1,0,1,2,28,3,24
1992,Spain,Namibia,0,0,1,0,0,2,0,0,0,-1,0,0
1992,Spain,Netherlands,147,9,19,2,2,6,2,7,5,22,54,93
1992,Spain,New Zealand,83,13,15,1,3,4,2,5,8,18,16,67
1992,Spain,Nigeria,32,2,4,0,0,3,1,1,1,30,2,30
1992,Spain,North Korea,47,5,4,4,0,0,3,5,2,26,8,39
1992,Spain,Norway,69,5,18,2,2,4,3,1,0,21,25,44
1992,Spain,Pakistan,30,1,9,0,0,0,0,1,1,46,0,30
1992,Spain,Peru,21,1,4,0,0,1,1,0,0,36,14,7
1992,Spain,Philippines,31,1,6,0,0,0,0,1,1,46,5,26
1992,Spain,Poland,143,16,15,3,2,6,5,10,9,20,32,111
1992,Spain,Puerto Rico,51,2,4,0,0,0,1,1,1,30,8,43
1992,Spain,Qatar,0,0,1,0,0,0,0,1,0,-1,0,0
1992,Spain,Romania,68,24,13,4,7,6,11,8,6,8,36,32
1992,Spain,Slovenia,0,0,1,0,0,0,0,2,0,-1,0,0
1992,Spain,South Africa,55,3,12,0,0,2,1,0,2,28,2,53
1992,Spain,South Korea,399,33,10,12,12,5,10,12,11,4,132,268
1992,Spain,Spain,226,4,13,13,1,7,1,2,2,25,29,197
1992,Spain,Suriname,6,1,2,0,1,0,0,1,0,29,2,4
1992,Spain,Sweden,182,11,20,1,0,7,4,4,7,32,36,146
1992,Spain,Switzerland,99,4,20,1,0,0,2,0,2,33,27,72
1992,Spain,Thailand,14,1,4,0,0,0,0,1,1,46,2,12
1992,Spain,Turkey,41,2,11,2,1,2,1,2,0,27,5,36
1992,Spain,Unified Team,0,0,1,45,0,38,0,29,0,-1,0,0
1992,Spain,United States,526,94,21,37,36,34,31,37,27,3,195,331
1996,United States,Algeria,35,2,3,2,1,0,0,1,1,34,2,33
1996,United States,Argentina,84,1,14,0,0,2,0,1,1,54,17,67
1996,United States,Armenia,0,0,1,1,0,1,0,0,0,-1,0,0
1996,United States,Australia,278,27,21,9,7,9,9,23,11,10,92,186
1996,United States,Austria,102,2,21,0,0,1,2,2,0,41,31,71
1996,United States,Azerbaijan,0,0,1,0,0,1,0,0,0,-1,0,0
1996,United States,Bahamas,14,1,4,0,0,1,0,0,1,54,2,12
1996,United States,Belarus,0,0,1,1,0,6,0,8,0,-1,0,0
1996,United States,Belgium,68,3,21,2,0,2,1,2,2,44,25,43
1996,United States,Brazil,181,3,14,3,2,3,1,9,0,25,50,131
1996,United States,Bulgaria,136,16,11,3,3,7,7,5,6,18,51,85
1996,United States,Burundi,0,0,1,1,0,0,0,0,0,-1,0,0
1996,United States,Canada,295,18,21,3,7,11,4,8,7,11,116,179
1996,United States,China,243,54,4,16,16,22,22,12,16,4,127,117
1996,United States,Chinese Taipei,31,1,3,0,0,1,1,0,0,49,8,23
1996,United States,Costa Rica,16,1,2,1,0,0,1,0,0,36,7,9
1996,United States,Croatia,39,3,2,1,0,1,1,0,2,44,3,36
1996,United States,Cuba,176,31,10,9,14,8,6,8,11,5,50,126
1996,United States,Czech Republic,0,0,1,4,0,3,0,4,0,-1,0,0
1996,United States,Denmark,109,6,22,4,1,1,1,1,4,30,33,76
1996,United States,Ecuador,0,0,1,1,0,0,0,0,0,-1,0,0
1996,United States,Ethiopia,20,3,7,2,1,0,0,1,2,33,6,14
1996,United States,FR Yugoslavia,0,0,1,1,0,1,0,2,0,-1,0,0
1996,United States,Finland,87,5,20,1,1,2,2,1,2,29,28,59
1996,United States,France,339,29,23,15,8,7,5,15,16,9,98,241
1996,United States,Georgia,0,0,1,0,0,0,0,2,0,-1,0,0
1996,United States,Germany,463,82,11,20,33,18,21,27,28,3,163,300
1996,United States,Great Britain,371,20,23,1,5,8,3,6,12,13,142,229
1996,United States,Greece,70,2,14,4,2,4,0,0,0,26,14,56
1996,United States,Hong Kong,0,0,1,1,0,0,0,0,0,-1,0,0
1996,United States,Hungary,215,30,21,7,11,4,12,10,7,8,57,158
1996,United States,India,71,1,13,0,1,0,0,1,0,23,16,55
1996,United States,Indonesia,42,5,3,1,2,1,2,2,1,24,15,27
1996,United States,Iran,36,3,11,1,0,1,1,1,2,44,0,36
1996,United States,Ireland,58,2,9,3,1,0,1,1,0,32,9,49
1996,United States,Israel,30,2,2,0,0,0,1,1,1,48,5,25
1996,United States,Italy,304,19,21,13,6,10,5,12,8,12,76,228
1996,United States,Jamaica,36,4,10,1,0,3,3,2,1,38,14,22
1996,United States,Japan,256,22,16,3,3,6,8,5,11,17,81,175
1996,United States,Kazakhstan,0,0,1,3,0,4,0,4,0,-1,0,0
1996,United States,Kenya,49,8,7,1,2,4,4,3,2,21,9,40
1996,United States,Latvia,34,3,4,0,0,1,2,0,1,40,9,25
1996,United States,Lithuania,47,2,2,0,1,0,0,1,1,34,11,36
1996,United States,Malaysia,26,1,2,0,0,1,0,1,1,54,0,26
1996,United States,Mexico,102,1,15,0,0,0,1,1,0,49,26,76
1996,United States,Moldova,0,0,1,0,0,1,0,1,0,-1,0,0
1996,United States,Mongolia,33,2,7,0,0,0,0,1,2,52,6,27
1996,United States,Morocco,44,3,5,0,1,0,1,2,1,31,1,43
1996,United States,Mozambique,0,0,1,0,0,0,0,1,0,-1,0,0
1996,United States,Namibia,6,2,2,0,0,2,2,0,0,41,1,5
1996,United States,Netherlands,201,15,20,4,2,5,6,10,7,20,84,117
1996,United States,New Zealand,134,10,16,3,1,2,4,1,5,28,42,92
1996,United States,Nigeria,55,4,5,2,0,1,3,3,1,38,23,32
1996,United States,North Korea,64,9,5,2,4,1,0,2,5,16,28,36
1996,United States,Norway,83,7,19,2,2,2,4,3,1,22,32,51
1996,United States,Philippines,26,1,7,0,0,1,0,0,1,54,2,24
1996,United States,Poland,201,19,16,7,3,5,6,5,10,19,52,149
1996,United States,Portugal,65,1,10,1,1,0,0,1,0,29,10,55
1996,United States,Puerto Rico,69,1,5,0,0,0,0,1,1,54,6,63
1996,United States,Romania,173,18,14,4,4,7,6,9,8,14,68,105
1996,United States,Russia,0,0,1,26,0,21,0,16,0,-1,0,0
1996,United States,Slovakia,0,0,1,1,0,1,0,1,0,-1,0,0
1996,United States,Slovenia,35,2,2,0,0,2,0,0,2,52,6,29
1996,United States,South Africa,93,2,13,3,0,1,2,1,0,41,25,68
1996,United States,South Korea,225,29,11,7,12,15,5,5,12,7,71,154
1996,United States,Spain,412,22,14,5,13,6,7,6,2,6,122,290
1996,United States,Sweden,186,12,21,2,1,4,7,2,4,27,44,142
1996,United States,Switzerland,102,1,21,4,1,3,0,0,0,37,29,73
1996,United States,Syria,9,1,2,1,0,0,1,0,0,33,0,9
1996,United States,Thailand,46,1,5,1,0,0,0,1,1,54,23,23
1996,United States,Tonga,0,0,1,0,0,1,0,0,0,-1,0,0
1996,United States,Trinidad and Tobago,13,1,5,0,1,0,0,2,0,26,0,13
1996,United States,Tunisia,35,1,4,0,0,0,1,1,0,33,0,35
1996,United States,Turkey,41,6,12,4,2,1,2,1,2,23,5,36
1996,United States,Uganda,13,1,4,0,0,0,1,1,0,32,0,13
1996,United States,Ukraine,0,0,1,9,0,2,0,12,0,-1,0,0
1996,United States,United States,540,108,22,44,37,32,34,25,37,2,190,350
1996,United States,Uzbekistan,0,0,1,0,0,1,0,1,0,-1,0,0
1996,United States,Zambia,16,1,2,0,0,1,0,0,1,43,0,16
2000,Australia,Algeria,45,3,4,1,2,1,0,3,1,34,6,39
2000,Australia,Argentina,179,3,15,0,0,2,2,2,1,54,47,132
2000,Australia,Armenia,32,2,2,0,1,0,1,1,0,45,2,30
2000,Australia,Australia,417,41,22,16,9,25,9,17,23,7,167,250
2000,Australia,Austria,72,3,22,2,0,1,1,0,2,57,16,56
2000,Australia,Azerbaijan,23,1,2,2,0,0,1,1,0,61,3,20
2000,Australia,Bahamas,26,1,5,2,0,0,1,1,0,61,7,19
2000,Australia,Barbados,0,0,1,0,0,0,0,1,0,-1,0,0
2000,Australia,Belarus,157,15,2,3,1,3,6,11,8,37,66,91
2000,Australia,Belgium,61,6,22,0,2,2,2,3,2,31,20,41
2000,Australia,Brazil,220,15,15,0,3,6,3,6,9,25,64,156
2000,Australia,Bulgaria,108,15,12,5,3,6,7,2,5,22,36,72
2000,Australia,Cameroon,46,1,3,1,0,0,0,0,1,43,4,42
2000,Australia,Canada,303,22,22,3,3,3,11,8,8,21,151,152
2000,Australia,Chile,17,1,5,0,0,0,1,1,0,36,1,16
2000,Australia,China,289,50,5,28,16,16,22,14,12,4,181,109
2000,Australia,Chinese Taipei,74,1,4,0,0,1,1,4,0,61,42,32
2000,Australia,Colombia,49,1,5,1,0,0,0,0,1,54,3,46
2000,Australia,Costa Rica,11,1,3,0,1,0,0,2,0,49,5,6
2000,Australia,Croatia,84,2,3,1,1,0,1,1,0,45,9,75
2000,Australia,Cuba,164,25,11,11,9,11,8,7,8,8,53,111
2000,Australia,Czech Republic,115,11,2,2,4,3,3,3,4,17,39,76
2000,Australia,Denmark,119,6,23,2,4,3,1,1,1,19,65,54
2000,Australia,Estonia,37,2,6,1,1,0,0,2,1,34,4,33
2000,Australia,Ethiopia,18,3,8,4,2,1,0,3,1,34,8,10
2000,Australia,FR Yugoslavia,0,4,2,1,1,1,1,1,2,41,0,0
2000,Australia,Finland,76,4,21,2,1,1,2,1,1,40,29,47
2000,Australia,France,299,37,24,13,15,14,7,11,15,5,102,197
2000,Australia,Georgia,34,2,2,0,0,0,0,6,2,68,7,27
2000,Australia,Germany,464,65,12,13,20,17,18,26,27,3,187,277
2000,Australia,Great Britain,300,15,24,11,1,10,8,7,6,36,116,184
2000,Australia,Greece,121,8,15,4,4,6,4,3,0,16,34,87
2000,Australia,Hungary,212,21,22,8,7,6,4,3,10,12,66,146
2000,Australia,Iceland,30,1,3,0,0,0,0,1,1,43,3,27
2000,Australia,India,49,1,14,0,0,0,0,1,1,71,9,40
2000,Australia,Indonesia,40,4,4,1,1,3,1,2,2,41,17,23
2000,Australia,Iran,18,3,12,3,1,0,1,1,1,43,1,17
2000,Australia,Ireland,78,4,10,0,3,1,0,0,1,28,16,62
2000,Australia,Israel,25,1,3,0,0,0,0,1,1,71,7,18
2000,Australia,Italy,340,35,22,13,13,8,10,13,12,6,104,236
2000,Australia,Jamaica,46,6,11,0,1,6,3,3,2,39,19,27
2000,Australia,Japan,306,14,17,5,3,8,6,5,5,23,149,157
2000,Australia,Kazakhstan,96,11,2,3,3,4,4,0,4,24,24,72
2000,Australia,Kenya,52,8,8,2,1,3,4,2,3,38,10,42
2000,Australia,Kuwait,0,0,1,0,0,0,0,1,0,-1,0,0
2000,Australia,Kyrgyzstan,0,0,1,0,0,0,0,1,0,-1,0,0
2000,Australia,Latvia,47,1,5,1,0,1,1,1,0,61,13,34
2000,Australia,Lithuania,61,1,3,2,0,0,0,3,1,71,16,45
2000,Australia,Macedonia,0,0,1,0,0,0,0,1,0,-1,0,0
2000,Australia,Mexico,97,1,16,1,0,2,0,3,1,71,27,70
2000,Australia,Moldova,40,2,2,0,0,1,1,1,1,58,5,35
2000,Australia,Morocco,34,2,6,0,0,1,0,4,2,68,2,32
2000,Australia,Mozambique,3,1,2,1,0,0,0,0,1,71,1,2
2000,Australia,Netherlands,238,19,21,12,4,9,5,4,10,15,101,137
2000,Australia,New Zealand,95,6,17,1,3,0,2,3,1,26,29,66
2000,Australia,Nigeria,65,6,6,1,2,2,1,0,3,32,16,49
2000,Australia,North Korea,24,5,6,0,2,1,1,3,2,33,9,15
2000,Australia,Norway,97,7,20,4,2,3,2,3,3,30,55,42
2000,Australia,Poland,165,17,17,6,7,5,5,3,5,11,39,126
2000,Australia,Portugal,106,2,11,0,1,0,0,2,1,47,23,83
2000,Australia,Qatar,28,1,2,0,0,0,0,1,1,54,0,28
2000,Australia,Romania,165,20,15,11,4,6,7,9,9,14,67,98
2000,Australia,Russia,389,63,2,32,26,28,21,29,16,2,157,232
2000,Australia,Saudi Arabia,0,0,1,0,0,1,0,1,0,-1,0,0
2000,Australia,Slovakia,71,3,2,1,1,3,1,1,1,43,13,58
2000,Australia,Slovenia,37,2,3,2,0,0,2,0,0,55,12,25
2000,Australia,South Africa,84,5,14,0,3,2,1,3,1,27,20,64
2000,Australia,South Korea,299,27,12,8,7,10,15,10,5,10,110,189
2000,Australia,Spain,284,17,15,3,5,3,6,5,6,13,93,191
2000,Australia,Sri Lanka,0,0,1,0,0,1,0,0,0,-1,0,0
2000,Australia,Sweden,177,8,22,4,2,5,4,3,2,29,66,111
2000,Australia,Switzerland,115,7,22,1,4,6,3,2,0,18,43,72
2000,Australia,Thailand,37,2,6,1,1,0,0,2,1,47,12,25
2000,Australia,Trinidad and Tobago,12,2,6,0,0,1,0,1,2,68,4,8
2000,Australia,Turkey,53,6,13,3,4,0,1,2,1,19,9,44
2000,Australia,Ukraine,231,23,2,3,9,10,2,10,12,9,85,146
2000,Australia,United States,647,101,23,37,44,24,32,32,25,1,273,374
2000,Australia,Uruguay,23,1,8,0,0,1,0,0,1,35,0,23
2000,Australia,Uzbekistan,71,2,2,1,0,1,1,2,1,58,8,63
2000,Australia,Vietnam,0,0,1,0,0,1,0,0,0,-1,0,0
2004,Greece,Argentina,142,4,16,2,0,0,2,4,2,57,44,98
2004,Greece,Australia,617,58,23,17,16,16,25,17,17,4,276,341
2004,Greece,Austria,92,3,23,2,2,4,1,1,0,32,37,55
2004,Greece,Azerbaijan,31,3,3,1,2,0,0,4,1,34,6,25
2004,Greece,Bahamas,25,3,6,1,2,0,0,1,1,34,9,16
2004,Greece,Belarus,139,17,3,2,3,5,3,6,11,23,67,72
2004,Greece,Belgium,68,5,23,1,0,0,2,2,3,55,32,36
2004,Greece,Brazil,196,12,16,5,0,2,6,3,6,53,91,105
2004,Greece,Bulgaria,91,13,13,2,5,1,6,9,2,16,39,52
2004,Greece,Cameroon,34,1,4,1,1,0,0,0,0,50,9,25
2004,Greece,Canada,294,14,23,3,3,6,3,3,8,24,144,150
2004,Greece,Chile,50,1,6,2,0,0,0,1,1,71,7,43
2004,Greece,China,266,58,6,32,28,17,16,14,14,3,177,90
2004,Greece,Chinese Taipei,55,5,5,2,0,2,1,1,4,58,34,21
2004,Greece,Colombia,44,1,6,0,1,0,0,2,0,50,19,25
2004,Greece,Croatia,88,2,4,1,1,2,0,2,1,49,25,63
2004,Greece,Cuba,229,29,12,9,11,7,11,11,7,9,82,147
2004,Greece,Czech Republic,119,8,3,1,2,3,3,5,3,28,33,86
2004,Greece,Denmark,97,6,24,2,2,1,3,5,1,30,44,53
2004,Greece,Dominican Republic,19,1,2,1,0,0,0,0,1,43,4,15
2004,Greece,Egypt,113,1,7,1,0,1,1,3,0,33,6,107
2004,Greece,Eritrea,0,0,1,0,0,0,0,1,0,-1,0,0
2004,Greece,Estonia,33,3,7,0,1,1,0,2,2,47,2,31
2004,Greece,Ethiopia,26,8,9,2,4,3,1,2,3,20,11,15
2004,Greece,Finland,70,4,22,0,2,2,1,0,1,31,30,40
2004,Greece,France,336,38,25,11,13,9,14,13,11,6,125,211
2004,Greece,Georgia,36,6,3,2,0,2,0,0,6,68,9,27
2004,Greece,Germany,422,56,13,13,13,16,17,20,26,5,181,241
2004,Greece,Great Britain,309,28,25,9,11,9,10,12,7,10,128,181
2004,Greece,Greece,140,13,16,6,4,6,6,4,3,17,58,82
2004,Greece,Hong Kong,22,1,2,0,1,1,0,0,0,49,9,13
2004,Greece,Hungary,178,17,23,8,8,6,6,3,3,13,69,109
2004,Greece,India,65,1,15,0,0,1,0,0,1,71,21,44
2004,Greece,Indonesia,47,6,5,1,1,1,3,2,2,38,20,27
2004,Greece,Iran,33,4,13,2,3,2,0,2,1,27,1,32
2004,Greece,Israel,39,1,4,1,0,0,0,1,1,71,10,29
2004,Greece,Italy,361,34,23,10,13,11,8,11,13,7,115,246
2004,Greece,Jamaica,48,9,12,2,0,1,6,2,3,54,26,22
2004,Greece,Japan,266,18,18,16,5,9,8,12,5,15,110,156
2004,Greece,Kazakhstan,130,7,3,1,3,4,4,3,0,22,44,86
2004,Greece,Kenya,56,7,9,1,2,4,3,2,2,29,22,34
2004,Greece,Latvia,45,3,6,0,1,4,1,0,1,44,15,30
2004,Greece,Lithuania,61,5,4,1,2,2,0,0,3,33,21,40
2004,Greece,Mexico,78,6,17,0,1,3,2,1,3,40,26,52
2004,Greece,Mongolia,16,1,8,0,0,0,0,1,1,71,4,12
2004,Greece,Morocco,55,5,7,2,0,1,1,0,4,58,9,46
2004,Greece,Netherlands,231,25,22,4,12,9,9,9,4,8,84,147
2004,Greece,New Zealand,147,4,18,3,1,2,0,0,3,46,70,77
2004,Greece,Nigeria,83,3,7,0,1,0,2,2,0,41,39,44
2004,Greece,North Korea,31,4,7,0,0,4,1,1,3,60,17,14
2004,Greece,Norway,93,10,21,5,4,0,3,1,3,19,49,44
2004,Greece,Paraguay,0,0,1,0,0,1,0,0,0,-1,0,0
2004,Greece,Poland,187,14,18,3,6,2,5,5,3,14,58,129
2004,Greece,Portugal,61,2,12,0,0,2,0,1,2,69,13,48
2004,Greece,Romania,145,26,16,8,11,5,6,6,9,11,74,71
2004,Greece,Russia,434,89,3,28,32,26,28,36,29,2,194,240
2004,Greece,Serbia and Montenegro,0,0,1,0,0,2,0,0,0,-1,0,0
2004,Greece,Slovakia,108,5,3,2,1,2,3,2,1,39,27,81
2004,Greece,Slovenia,74,2,4,0,2,1,0,3,0,36,19,55
2004,Greece,South Africa,127,5,15,1,0,3,2,2,3,55,38,89
2004,Greece,South Korea,279,28,13,9,8,12,10,9,10,12,106,173
2004,Greece,Spain,316,11,16,3,3,11,3,6,5,25,101,215
2004,Greece,Sweden,150,12,23,4,4,2,5,1,3,18,52,98
2004,Greece,Switzerland,102,9,23,1,1,1,6,3,2,37,38,64
2004,Greece,Syria,7,1,3,0,1,0,0,1,0,49,1,6
2004,Greece,Thailand,52,3,7,3,1,1,0,4,2,47,18,34
2004,Greece,Trinidad and Tobago,19,2,7,0,0,0,1,1,1,61,5,14
2004,Greece,Turkey,57,5,14,3,3,3,0,4,2,26,15,42
2004,Greece,Ukraine,230,23,3,8,3,5,10,9,10,21,91,139
2004,Greece,United Arab Emirates,0,0,1,1,0,0,0,0,0,-1,0,0
2004,Greece,United States,586,93,24,36,37,39,24,26,32,1,253,333
2004,Greece,Uzbekistan,70,4,3,2,1,1,1,2,2,43,18,52
2004,Greece,Venezuela,26,3,7,0,0,0,0,2,3,40,1,25
2004,Greece,Zimbabwe,42,1,2,1,1,1,0,1,0,23,19,23
2008,China,Afghanistan,0,0,1,0,0,0,0,1,0,-1,0,0
2008,China,Algeria,47,5,5,0,1,1,1,1,3,42,10,37
2008,China,Argentina,151,6,17,2,2,0,0,4,4,38,45,106
2008,China,Armenia,25,1,3,0,0,1,0,4,1,71,2,23
2008,China,Australia,470,50,24,14,17,15,16,17,17,4,202,268
2008,China,Austria,74,7,24,0,2,1,4,2,1,27,20,54
2008,China,Azerbaijan,36,5,4,1,1,1,0,4,4,50,6,30
2008,China,Bahamas,22,2,7,0,1,1,0,1,1,52,9,13
2008,China,Belarus,151,13,4,3,2,4,5,7,6,26,69,82
2008,China,Belgium,50,3,24,2,1,0,0,0,2,51,19,31
2008,China,Brazil,241,10,17,3,5,4,2,10,3,16,119,122
2008,China,Bulgaria,95,12,14,1,2,1,1,3,9,33,46,49
2008,China,Cameroon,17,1,5,1,1,0,0,0,0,54,7,10
2008,China,Canada,262,12,24,3,3,9,6,8,3,21,132,130
2008,China,Chile,22,3,7,0,2,1,0,0,1,39,6,16
2008,China,China,372,63,7,48,32,22,17,30,14,2,240,134
2008,China,Chinese Taipei,88,5,6,1,2,1,2,2,1,31,39,49
2008,China,Colombia,53,2,7,0,0,2,0,1,2,68,21,32
2008,China,Croatia,81,5,5,0,1,2,2,3,2,44,15,66
2008,China,Cuba,151,27,13,3,9,10,7,17,11,11,54,97
2008,China,Czech Republic,142,9,4,3,1,3,3,1,5,42,62,80
2008,China,Denmark,92,8,25,2,2,2,1,3,5,34,44,48
2008,China,Dominican Republic,33,1,3,1,1,1,0,0,0,54,16,17
2008,China,Ecuador,19,1,2,0,1,1,0,0,0,49,2,17
2008,China,Egypt,96,5,8,0,1,0,1,2,3,46,16,80
2008,China,Estonia,42,3,8,1,0,1,1,0,2,64,11,31
2008,China,Ethiopia,26,7,10,4,2,2,3,1,2,28,12,14
2008,China,Finland,53,2,23,1,0,1,2,2,0,61,17,36
2008,China,France,308,33,26,7,11,16,9,20,13,7,113,195
2008,China,Georgia,32,4,4,3,2,2,2,2,0,32,6,26
2008,China,Germany,441,49,14,16,13,11,16,14,20,6,191,250
2008,China,Great Britain,264,30,26,19,9,13,9,19,12,10,103,161
2008,China,Greece,426,16,17,0,6,2,6,1,4,15,211,215
2008,China,Hungary,208,17,24,3,8,5,6,2,3,12,90,118
2008,China,Iceland,18,1,4,0,0,1,0,0,1,71,9,9
2008,China,India,73,1,16,1,0,0,1,2,0,65,25,48
2008,China,Indonesia,38,4,6,1,1,1,1,4,2,48,16,22
2008,China,Iran,37,6,14,1,2,0,2,1,2,29,1,36
2008,China,Ireland,64,1,11,0,0,1,1,2,0,64,24,40
2008,China,Israel,36,2,5,0,1,0,0,1,1,52,16,20
2008,China,Italy,364,32,24,8,10,9,11,10,11,8,135,229
2008,China,Jamaica,47,5,13,5,2,4,1,2,2,35,25,22
2008,China,Japan,305,37,19,9,16,8,9,8,12,5,166,139
2008,China,Kazakhstan,114,8,4,2,1,3,4,4,3,40,43,71
2008,China,Kenya,46,7,10,6,1,4,4,6,2,41,24,22
2008,China,Kyrgyzstan,48,1,2,0,0,1,0,2,1,71,13,35
2008,China,Latvia,32,4,7,1,0,1,4,1,0,58,10,22
2008,China,Lithuania,59,3,5,0,1,3,2,2,0,45,12,47
2008,China,Malaysia,35,2,3,0,0,1,1,0,1,58,3,32
2008,China,Mauritius,0,0,1,0,0,0,0,1,0,-1,0,0
2008,China,Mexico,109,4,18,2,0,0,3,2,1,59,50,59
2008,China,Moldova,34,2,3,0,0,0,1,1,1,61,5,29
2008,China,Mongolia,20,1,9,2,0,2,0,0,1,71,7,13
2008,China,Morocco,55,3,8,0,2,1,1,1,0,37,8,47
2008,China,Netherlands,210,22,23,7,4,5,9,4,9,18,76,134
2008,China,New Zealand,148,5,19,3,3,2,2,4,0,24,67,81
2008,China,Nigeria,70,2,8,0,0,3,0,2,2,68,46,24
2008,China,North Korea,36,5,8,2,0,2,4,2,1,57,23,13
2008,China,Norway,52,6,22,3,5,5,0,1,1,17,17,35
2008,China,Panama,1,2,2,1,0,0,0,0,2,32,0,1
2008,China,Poland,194,10,19,4,3,5,2,2,5,23,62,132
2008,China,Portugal,80,3,13,1,0,1,2,0,1,60,17,63
2008,China,Romania,108,19,17,4,8,1,5,4,6,14,58,50
2008,China,Russia,445,90,4,24,28,13,26,23,36,3,201,244
2008,China,Samoa,0,0,1,0,0,1,0,0,0,-1,0,0
2008,China,Serbia,0,0,1,0,0,1,0,2,0,-1,0,0
2008,China,Singapore,5,1,2,0,0,1,1,0,0,32,0,5
2008,China,Slovakia,64,6,4,3,2,3,2,0,2,29,16,48
2008,China,Slovenia,79,4,5,1,0,2,1,2,3,63,23,56
2008,China,South Africa,106,6,16,0,1,1,3,0,2,43,40,66
2008,China,South Korea,260,30,14,13,9,11,12,8,9,9,116,145
2008,China,Spain,313,20,17,5,3,11,11,3,6,20,137,176
2008,China,Sudan,0,0,1,0,0,1,0,0,0,-1,0,0
2008,China,Sweden,114,7,24,0,4,4,2,1,1,19,53,61
2008,China,Switzerland,98,5,24,2,1,1,1,4,3,46,39,59
2008,China,Tajikistan,0,0,1,0,0,1,0,1,0,-1,0,0
2008,China,Thailand,42,8,8,2,3,2,1,2,4,25,18,24
2008,China,Togo,0,0,1,0,0,0,0,1,0,-1,0,0
2008,China,Trinidad and Tobago,19,1,8,1,0,1,0,0,1,71,9,10
2008,China,Tunisia,51,1,5,1,0,0,0,0,1,71,6,45
2008,China,Turkey,64,10,15,1,3,1,3,3,4,22,20,44
2008,China,Ukraine,239,22,4,7,8,4,5,11,9,13,115,124
2008,China,United States,533,101,25,36,36,39,39,37,26,1,254,279
2008,China,Uzbekistan,69,5,4,0,2,1,1,3,2,35,18,51
2008,China,Venezuela,48,2,8,0,0,0,0,1,2,68,15,33
2008,China,Vietnam,7,1,2,0,0,1,1,0,0,64,4,3
2008,China,Zimbabwe,12,3,3,1,1,3,1,0,1,49,3,9
2012,United Kingdom,Afghanistan,4,1,2,0,0,0,0,1,1,82,1,3
2012,United Kingdom,Algeria,56,2,6,1,0,0,1,0,1,68,22,34
2012,United Kingdom,Argentina,131,6,18,1,2,1,0,2,4,35,52,79
2012,United Kingdom,Armenia,24,5,4,0,0,1,1,1,4,62,2,22
2012,United Kingdom,Australia,432,46,25,8,14,15,15,12,17,6,199,233
2012,United Kingdom,Azerbaijan,44,6,5,2,1,2,1,5,4,40,14,30
2012,United Kingdom,Bahamas,25,2,8,1,0,0,1,0,1,68,9,16
2012,United Kingdom,Bahrain,0,0,1,1,0,0,0,0,0,-1,0,0
2012,United Kingdom,Belarus,177,14,5,2,3,5,4,3,7,24,84,93
2012,United Kingdom,Belgium,94,2,25,0,2,1,0,2,0,37,17,77
2012,United Kingdom,Botswana,0,0,1,0,0,1,0,0,0,-1,0,0
2012,United Kingdom,Brazil,265,17,18,3,3,5,4,9,10,23,129,136
2012,United Kingdom,Bulgaria,70,5,15,0,1,2,1,1,3,42,27,43
2012,United Kingdom,Cameroon,32,1,6,0,1,0,0,1,0,53,7,25
2012,United Kingdom,Canada,332,20,25,2,3,6,9,10,8,20,146,186
2012,United Kingdom,China,583,100,8,39,48,31,22,22,30,1,285,305
2012,United Kingdom,Chinese Taipei,79,4,7,1,1,0,1,1,2,44,36,43
2012,United Kingdom,Colombia,67,3,8,1,0,3,2,5,1,60,24,43
2012,United Kingdom,Croatia,99,5,6,3,0,1,2,2,3,59,19,80
2012,United Kingdom,Cuba,158,30,14,5,3,3,10,7,17,19,56,102
2012,United Kingdom,Cyprus,0,0,1,0,0,1,0,0,0,-1,0,0
2012,United Kingdom,Czech Republic,134,7,5,4,3,4,3,3,1,25,59,75
2012,United Kingdom,Denmark,84,7,26,2,2,4,2,3,3,30,20,64
2012,United Kingdom,Dominican Republic,24,2,4,1,1,1,1,0,0,47,6,18
2012,United Kingdom,Egypt,100,2,9,0,0,3,0,1,2,81,26,74
2012,United Kingdom,Estonia,47,2,9,0,1,1,1,1,0,47,13,34
2012,United Kingdom,Ethiopia,27,7,11,3,4,2,2,3,1,17,13,14
2012,United Kingdom,Finland,57,4,24,0,1,2,1,1,2,44,26,31
2012,United Kingdom,France,309,43,27,11,7,11,16,13,20,10,121,188
2012,United Kingdom,Gabon,0,0,1,0,0,1,0,0,0,-1,0,0
2012,United Kingdom,Georgia,35,7,5,1,3,2,2,3,2,28,8,27
2012,United Kingdom,Germany,420,41,15,11,16,20,11,13,14,5,183,237
2012,United Kingdom,Great Britain,303,51,27,29,19,18,13,18,19,4,140,163
2012,United Kingdom,Greece,152,3,18,0,0,0,2,2,1,60,70,82
2012,United Kingdom,Grenada,0,0,1,1,0,0,0,0,0,-1,0,0
2012,United Kingdom,Guatemala,0,0,1,0,0,1,0,0,0,-1,0,0
2012,United Kingdom,Hong Kong,32,1,3,0,0,0,1,1,0,65,18,14
2012,United Kingdom,Hungary,169,10,25,8,3,4,5,6,2,21,83,86
2012,United Kingdom,India,53,3,17,0,1,2,0,4,2,51,22,31
2012,United Kingdom,Indonesia,24,6,7,0,1,2,1,1,4,40,9,15
2012,United Kingdom,Iran,54,2,15,7,1,5,0,1,1,52,3,51
2012,United Kingdom,Ireland,55,3,12,1,0,1,1,4,2,64,16,39
2012,United Kingdom,Italy,333,27,25,8,8,9,9,11,10,9,130,203
2012,United Kingdom,Jamaica,50,11,14,4,5,5,4,4,2,15,27,23
2012,United Kingdom,Japan,332,25,20,7,9,14,8,17,8,8,165,167
2012,United Kingdom,Kazakhstan,130,9,5,3,2,2,3,6,4,29,70,60
2012,United Kingdom,Kenya,46,16,11,2,6,4,4,7,6,13,18,28
2012,United Kingdom,Kuwait,29,1,2,0,0,0,0,1,1,71,0,29
2012,United Kingdom,Latvia,47,3,8,1,1,0,1,1,1,46,18,29
2012,United Kingdom,Lithuania,71,5,6,2,0,0,3,3,2,57,27,44
2012,United Kingdom,Malaysia,31,1,4,0,0,1,1,1,0,72,14,17
2012,United Kingdom,Mexico,83,4,19,1,2,3,0,4,2,36,40,43
2012,United Kingdom,Mongolia,28,4,10,0,2,2,2,3,0,33,14,14
2012,United Kingdom,Montenegro,0,0,1,0,0,1,0,0,0,-1,0,0
2012,United Kingdom,Morocco,47,2,9,0,0,0,1,1,1,68,11,36
2012,United Kingdom,Netherlands,237,16,24,6,7,6,5,8,4,11,98,139
2012,United Kingdom,New Zealand,178,9,20,6,3,2,2,5,4,27,82,96
2012,United Kingdom,North Korea,58,6,9,4,2,0,2,2,2,31,37,21
2012,United Kingdom,Norway,84,9,23,2,3,1,5,1,1,22,54,30
2012,United Kingdom,Poland,257,11,20,3,4,2,5,6,2,16,101,156
2012,United Kingdom,Portugal,77,2,14,0,1,1,1,0,0,47,26,51
2012,United Kingdom,Puerto Rico,69,1,6,0,0,1,0,1,1,71,22,47
2012,United Kingdom,Qatar,17,1,3,0,0,1,0,1,1,71,0,17
2012,United Kingdom,Romania,101,9,18,2,4,4,1,1,4,18,61,40
2012,United Kingdom,Russia,452,60,5,18,24,21,13,26,23,3,223,229
2012,United Kingdom,Saudi Arabia,18,2,2,0,0,0,1,1,1,61,0,18
2012,United Kingdom,Serbia,87,3,2,1,0,1,1,2,2,64,24,63
2012,United Kingdom,Singapore,25,1,3,0,0,0,1,2,0,72,14,11
2012,United Kingdom,Slovakia,57,6,5,0,3,1,3,3,0,26,22,35
2012,United Kingdom,Slovenia,61,5,6,1,1,1,2,2,2,39,21,40
2012,United Kingdom,South Africa,134,1,17,4,0,1,1,1,0,72,59,75
2012,United Kingdom,South Korea,263,32,15,13,13,9,11,9,8,7,104,159
2012,United Kingdom,Spain,282,19,18,4,5,10,11,6,3,14,120,162
2012,United Kingdom,Sweden,123,5,25,1,0,4,4,3,1,56,73,50
2012,United Kingdom,Switzerland,83,7,25,2,2,2,1,0,4,34,36,47
2012,United Kingdom,Tajikistan,15,2,2,0,0,0,1,1,1,68,3,12
2012,United Kingdom,Thailand,47,6,9,0,2,2,2,2,2,31,25,22
2012,United Kingdom,Trinidad and Tobago,28,2,9,1,1,1,1,2,0,47,11,17
2012,United Kingdom,Tunisia,26,1,6,2,1,0,0,1,0,53,12,14
2012,United Kingdom,Turkey,67,5,16,1,1,1,1,1,3,42,19,48
2012,United Kingdom,Uganda,10,1,5,1,0,0,0,0,1,71,3,7
2012,United Kingdom,Ukraine,243,22,5,5,7,4,4,10,11,12,116,127
2012,United Kingdom,United States,587,112,26,48,36,26,39,30,37,2,282,305
2012,United Kingdom,Uzbekistan,56,4,5,0,0,0,1,3,3,63,15,41
2012,United Kingdom,Venezuela,108,1,9,1,0,0,0,0,1,82,51,57
2012,United Kingdom,Vietnam,13,1,3,0,0,0,1,1,0,72,6,7
2016,Brazil,Algeria,38,1,7,0,1,2,0,0,0,50,17,21
2016,Brazil,Argentina,137,4,19,3,1,1,1,0,2,42,40,97
2016,Brazil,Armenia,24,2,5,1,0,3,1,0,1,65,4,20
2016,Brazil,Australia,405,35,26,8,8,11,15,10,12,8,184,221
2016,Brazil,Austria,70,3,25,0,0,0,1,1,2,64,30,40
2016,Brazil,Azerbaijan,52,9,6,1,2,7,2,10,5,32,14,38
2016,Brazil,Bahamas,21,1,9,1,1,0,0,1,0,50,9,12
2016,Brazil,Bahrain,12,1,2,1,1,1,0,0,0,50,8,4
2016,Brazil,Belarus,160,10,6,1,2,4,5,4,3,28,71,89
2016,Brazil,Belgium,111,3,26,2,0,2,1,2,2,64,42,69
2016,Brazil,Brazil,246,17,19,7,3,6,5,6,9,22,117,129
2016,Brazil,Bulgaria,63,3,16,0,0,1,2,2,1,60,26,37
2016,Brazil,Burundi,7,1,2,0,1,1,0,0,0,49,1,6
2016,Brazil,Canada,272,18,26,4,2,3,6,15,10,27,154,118
2016,Brazil,China,365,92,9,26,39,18,31,26,22,2,208,159
2016,Brazil,Chinese Taipei,44,2,8,1,1,0,0,2,1,48,25,19
2016,Brazil,Colombia,101,9,9,3,1,2,3,3,5,38,56,45
2016,Brazil,Croatia,107,6,7,5,3,3,1,2,2,26,43,64
2016,Brazil,Cuba,109,15,15,5,5,2,3,4,7,16,44,65
2016,Brazil,Czech Republic,133,11,6,1,4,2,4,7,3,19,65,68
2016,Brazil,Denmark,113,9,27,2,2,6,4,7,3,30,48,65
2016,Brazil,Dominican Republic,33,2,5,0,1,0,1,1,0,47,20,13
2016,Brazil,Egypt,109,4,10,0,0,0,3,3,1,56,34,75
2016,Brazil,Estonia,32,2,10,0,0,0,1,1,1,65,9,23
2016,Brazil,Ethiopia,33,8,12,1,3,2,2,5,3,25,15,18
2016,Brazil,Fiji,0,0,1,1,0,0,0,0,0,-1,0,0
2016,Brazil,Finland,56,3,25,0,0,0,2,1,1,60,27,29
2016,Brazil,France,324,35,28,10,11,18,11,14,13,7,142,182
2016,Brazil,Georgia,34,6,6,2,1,1,2,4,3,40,6,28
2016,Brazil,Germany,383,44,16,17,11,10,20,15,13,6,171,212
2016,Brazil,Great Britain,530,65,28,27,29,23,18,17,18,3,257,273
2016,Brazil,Greece,102,2,19,3,0,1,0,2,2,77,37,65
2016,Brazil,Grenada,8,1,2,0,1,1,0,0,0,50,3,5
2016,Brazil,Hungary,151,18,26,8,8,3,4,4,6,10,59,92
2016,Brazil,Independent Olympic Athletes,0,0,1,1,0,0,0,1,0,-1,0,0
2016,Brazil,India,81,6,18,0,0,1,2,1,4,57,23,58
2016,Brazil,Indonesia,22,3,8,1,0,2,2,0,1,60,9,13
2016,Brazil,Iran,52,13,16,3,7,1,5,4,1,12,8,44
2016,Brazil,Ireland,64,6,13,0,1,2,1,0,4,41,28,36
2016,Brazil,Israel,43,1,6,0,0,0,0,2,1,82,20,23
2016,Brazil,Italy,281,28,26,8,8,12,9,8,11,9,123,158
2016,Brazil,Ivory Coast,15,1,2,1,0,0,1,1,0,33,1,14
2016,Brazil,Jamaica,45,13,15,6,4,3,5,2,4,18,22,23
2016,Brazil,Japan,291,38,21,12,7,8,14,21,17,11,155,136
2016,Brazil,Jordan,0,0,1,1,0,0,0,0,0,-1,0,0
2016,Brazil,Kazakhstan,113,11,6,2,3,5,2,10,6,23,40,73
2016,Brazil,Kenya,47,13,12,6,2,6,4,1,7,29,20,27
2016,Brazil,Kosovo,0,0,1,1,0,0,0,0,0,-1,0,0
2016,Brazil,Lithuania,62,5,7,0,2,1,0,3,3,35,23,39
2016,Brazil,Malaysia,28,2,5,0,0,4,1,1,1,65,13,15
2016,Brazil,Mexico,99,8,20,0,1,3,3,2,4,39,37,62
2016,Brazil,Mongolia,29,5,11,0,0,1,2,1,3,58,13,16
2016,Brazil,Morocco,63,1,10,0,0,0,0,1,1,79,17,46
2016,Brazil,Netherlands,173,20,25,8,6,7,6,4,8,13,79,94
2016,Brazil,New Zealand,178,13,21,4,6,9,2,5,5,14,82,96
2016,Brazil,Niger,4,1,2,0,0,1,0,0,1,43,0,4
2016,Brazil,Nigeria,74,5,9,0,0,0,3,1,2,57,37,37
2016,Brazil,North Korea,51,6,10,2,4,3,0,2,2,21,36,15
2016,Brazil,Norway,61,4,24,0,2,0,1,4,1,34,28,33
2016,Brazil,Philippines,12,1,8,0,0,1,1,0,0,61,4,8
2016,Brazil,Poland,210,11,21,2,3,3,2,6,6,23,86,124
2016,Brazil,Portugal,76,1,15,0,0,0,1,1,0,70,32,44
2016,Brazil,Puerto Rico,25,2,7,1,0,0,1,0,1,65,6,19
2016,Brazil,Qatar,12,2,4,0,0,1,1,0,1,65,4,8
2016,Brazil,Romania,105,7,19,1,2,1,4,2,1,31,50,55
2016,Brazil,Russia,427,65,6,19,18,17,21,20,26,4,225,202
2016,Brazil,Serbia,116,4,3,2,1,4,1,2,2,42,36,80
2016,Brazil,Singapore,23,2,4,1,0,0,0,0,2,77,15,8
2016,Brazil,Slovakia,47,4,6,2,0,2,1,0,3,63,21,26
2016,Brazil,Slovenia,65,4,7,1,1,2,1,1,2,42,37,28
2016,Brazil,South Africa,124,6,18,2,4,6,1,2,1,20,56,68
2016,Brazil,South Korea,249,31,16,9,13,3,9,9,9,5,115,134
2016,Brazil,Spain,278,20,19,7,4,4,10,6,6,17,110,168
2016,Brazil,Sweden,133,8,26,2,1,6,4,3,3,37,78,55
2016,Brazil,Switzerland,98,4,26,3,2,2,2,2,0,33,28,70
2016,Brazil,Tajikistan,16,1,3,1,0,0,0,0,1,79,3,13
2016,Brazil,Thailand,37,4,10,2,0,2,2,2,2,59,18,19
2016,Brazil,Trinidad and Tobago,25,4,10,0,1,0,1,1,2,42,7,18
2016,Brazil,Tunisia,83,3,7,0,2,0,0,3,1,36,20,63
2016,Brazil,Turkey,112,3,17,1,1,3,1,4,1,46,64,48
2016,Brazil,Ukraine,230,19,6,2,5,5,4,4,10,15,111,119
2016,Brazil,United Arab Emirates,4,1,2,0,1,0,0,1,0,54,0,4
2016,Brazil,United States,529,104,27,46,48,37,26,38,30,1,268,261
2016,Brazil,Uzbekistan,53,3,6,4,0,2,0,7,3,76,17,36
2016,Brazil,Venezuela,68,1,10,0,1,2,0,1,0,50,26,42
2016,Brazil,Vietnam,18,1,4,1,0,1,0,0,1,79,12,6
2020, Japan,Argentina,215,4,20,0,3,1,1,2,0,26,75,140
2020, Japan,Armenia,31,4,6,0,1,2,3,2,0,42,7,24
2020, Japan,Australia,420,29,27,17,8,7,11,22,10,10,212,208
2020, Japan,Austria,71,1,26,1,0,1,0,5,1,78,34,37
2020, Japan,Azerbaijan,56,18,7,0,1,3,7,4,10,39,14,42
2020, Japan,Bahamas,29,2,10,2,1,0,0,0,1,51,12,17
2020, Japan,Bahrain,33,2,3,0,1,1,1,0,0,48,13,20
2020, Japan,Belarus,120,9,7,1,1,3,4,3,4,40,67,53
2020, Japan,Belgium,104,6,27,3,2,1,2,3,2,35,34,70
2020, Japan,Bermuda,16,1,2,1,0,0,0,0,1,37,1,15
2020, Japan,Botswana,4,1,2,0,0,0,1,1,0,70,1,3
2020, Japan,Brazil,458,19,20,7,7,6,6,8,6,13,207,251
2020, Japan,Bulgaria,50,3,17,3,0,1,1,2,2,66,22,28
2020, Japan,Burkina Faso,0,0,1,0,0,0,0,1,0,-1,0,0
2020, Japan,Canada,309,22,27,7,4,7,3,10,15,20,183,126
2020, Japan,China,390,70,10,38,26,32,18,19,26,3,240,150
2020, Japan,Chinese Taipei,55,3,9,2,1,4,0,6,2,50,29,26
2020, Japan,Colombia,143,8,10,0,3,4,2,1,3,22,70,73
2020, Japan,Croatia,85,10,8,3,5,3,3,2,2,17,19,66
2020, Japan,Cuba,117,11,16,7,5,3,2,5,4,18,34,83
2020, Japan,Czech Republic,104,10,7,4,1,4,2,3,7,43,42,62
2020, Japan,Denmark,117,15,28,3,2,4,6,4,7,27,41,76
2020, Japan,Dominican Republic,26,1,6,0,0,3,0,2,1,78,8,18
2020, Japan,Ecuador,25,1,3,2,0,1,1,0,0,72,8,17
2020, Japan,Egypt,118,3,11,1,0,1,0,4,3,75,37,81
2020, Japan,Estonia,46,1,11,1,0,0,0,1,1,78,18,28
2020, Japan,Ethiopia,37,8,13,1,1,1,2,2,5,44,20,17
2020, Japan,Fiji,53,1,2,1,1,0,0,1,0,54,17,36
2020, Japan,Finland,54,1,26,0,0,0,0,2,1,78,28,26
2020, Japan,France,392,42,29,10,10,12,18,11,14,7,167,225
2020, Japan,Georgia,40,7,7,2,2,5,1,1,4,38,10,30
2020, Japan,Germany,418,42,17,10,17,11,10,16,15,5,194,224
2020, Japan,Ghana,34,1,5,0,0,0,0,1,1,54,2,32
2020, Japan,Great Britain,360,67,29,22,27,20,23,22,17,2,159,201
2020, Japan,Greece,92,6,20,2,3,1,1,1,2,25,36,56
2020, Japan,Grenada,6,1,3,0,0,0,1,1,0,69,1,5
2020, Japan,Hong Kong,41,1,4,1,0,2,0,3,1,79,20,21
2020, Japan,Hungary,153,15,27,6,8,7,3,7,4,12,65,88
2020, Japan,India,112,2,19,1,0,2,1,4,1,67,51,61
2020, Japan,Indonesia,28,3,9,1,1,1,2,3,0,46,11,17
2020, Japan,Iran,63,8,17,3,3,2,1,2,4,24,9,54
2020, Japan,Ireland,76,2,14,2,0,0,2,2,0,63,26,50
2020, Japan,Israel,47,2,7,2,0,0,0,2,2,77,25,22
2020, Japan,Italy,309,28,27,10,8,10,12,20,8,9,141,168
2020, Japan,Ivory Coast,12,2,3,0,1,0,0,1,1,51,7,5
2020, Japan,Jamaica,56,11,16,4,6,1,3,4,2,16,31,25
2020, Japan,Japan,335,41,22,27,12,14,8,17,21,6,164,171
2020, Japan,Jordan,8,1,2,0,1,1,0,1,0,54,1,7
2020, Japan,Kazakhstan,101,17,7,0,2,0,5,8,10,30,46,55
2020, Japan,Kenya,79,13,13,4,6,4,6,2,1,15,33,46
2020, Japan,Kosovo,8,1,2,2,1,0,0,0,0,54,5,3
2020, Japan,Kuwait,10,1,3,0,0,0,0,1,1,79,2,8
2020, Japan,Kyrgyzstan,20,3,3,0,0,2,1,1,2,64,4,16
2020, Japan,Latvia,45,2,9,1,1,0,0,1,1,48,14,31
2020, Japan,Lithuania,67,4,8,0,0,1,1,0,3,65,19,48
2020, Japan,Malaysia,32,5,6,0,0,1,4,1,1,60,15,17
2020, Japan,Mexico,122,5,21,0,0,0,3,4,2,61,44,78
2020, Japan,Moldova,29,1,4,0,0,0,0,1,1,82,8,21
2020, Japan,Mongolia,43,2,12,0,0,1,1,3,1,67,17,26
2020, Japan,Morocco,48,1,11,1,0,0,0,0,1,78,19,29
2020, Japan,Namibia,8,2,3,0,0,1,2,0,0,55,2,6
2020, Japan,Netherlands,237,19,26,10,8,12,7,14,4,11,132,105
2020, Japan,New Zealand,195,18,22,7,4,6,9,7,5,19,97,98
2020, Japan,Nigeria,71,1,10,0,0,1,0,1,1,78,24,47
2020, Japan,North Macedonia,0,0,1,0,0,1,0,0,0,-1,0,0
2020, Japan,Norway,62,4,25,4,0,2,0,2,4,74,33,29
2020, Japan,Philippines,13,1,9,1,0,2,1,1,0,69,6,7
2020, Japan,Poland,234,11,22,4,2,5,3,5,6,33,95,139
2020, Japan,Portugal,90,1,16,1,0,1,0,2,1,78,29,61
2020, Japan,Puerto Rico,40,1,8,1,1,0,0,0,0,54,27,13
2020, Japan,Qatar,37,1,5,2,0,0,1,1,0,69,2,35
2020, Japan,ROC,0,0,1,20,0,28,0,23,0,-1,0,0
2020, Japan,Romania,95,4,20,1,1,3,1,0,2,47,61,34
2020, Japan,San Marino,0,0,1,0,0,1,0,2,0,-1,0,0
2020, Japan,Saudi Arabia,18,1,3,0,0,1,0,0,1,79,2,16
2020, Japan,Serbia,103,8,4,3,2,1,4,5,2,32,45,58
2020, Japan,Slovakia,51,4,7,1,2,2,2,1,0,37,19,32
2020, Japan,Slovenia,63,4,8,3,1,1,2,1,1,45,24,39
2020, Japan,South Africa,135,10,19,1,2,2,6,0,2,29,42,93
2020, Japan,South Korea,207,21,17,6,9,4,3,10,9,8,104,103
2020, Japan,Spain,306,17,20,3,7,8,4,6,6,14,142,164
2020, Japan,Sweden,150,11,27,3,2,6,6,0,3,28,86,64
2020, Japan,Switzerland,102,7,27,3,3,4,2,6,2,23,45,57
2020, Japan,Syria,6,1,4,0,0,0,0,1,1,71,1,5
2020, Japan,Thailand,54,6,11,1,2,0,2,1,2,35,28,26
2020, Japan,Tunisia,61,3,8,1,0,1,0,0,3,75,20,41
2020, Japan,Turkey,100,8,18,2,1,2,3,9,4,41,47,53
2020, Japan,Turkmenistan,0,0,1,0,0,1,0,0,0,-1,0,0
2020, Japan,Uganda,15,1,6,2,1,1,0,1,0,50,4,11
2020, Japan,Ukraine,204,11,7,1,2,6,5,12,4,31,117,87
2020, Japan,United States,555,121,28,39,46,41,37,33,38,1,291,264
2020, Japan,Uzbekistan,70,13,7,3,4,0,2,2,7,21,23,47
2020, Japan,Venezuela,85,3,11,1,0,3,2,0,1,62,24,61
2024,France,Albania,0,0,1,0,0,0,0,2,0,-1,0,0
2024,France,Algeria,64,2,8,2,0,0,2,1,0,63,10,54
2024,France,Argentina,189,3,21,1,0,1,1,1,2,72,58,131
2024,France,Armenia,17,4,7,0,0,3,2,1,2,69,3,14
2024,France,Australia,489,46,28,18,17,19,7,16,22,6,261,228
2024,France,Austria,76,7,27,2,1,0,1,3,5,53,39,37
2024,France,Azerbaijan,44,7,8,2,0,2,3,3,4,67,16,28
2024,France,Bahrain,32,1,4,2,0,1,1,1,0,77,7,25
2024,France,Belgium,130,7,28,3,3,1,1,6,3,29,58,72
2024,France,Botswana,14,1,3,1,0,1,0,0,1,86,5,9
2024,France,Brazil,319,21,21,3,7,7,6,10,8,12,150,169
2024,France,Bulgaria,42,6,18,3,3,1,1,3,2,30,28,14
2024,France,Cabo Verde,0,0,1,0,0,0,0,1,0,-1,0,0
2024,France,Canada,386,24,28,9,7,7,7,11,10,11,235,151
2024,France,Chile,26,1,8,1,0,1,1,0,0,72,6,20
2024,France,China,417,89,11,40,38,27,32,24,19,2,290,129
2024,France,Chinese Taipei,68,12,10,2,2,0,4,5,6,34,35,33
2024,France,Colombia,69,5,11,0,0,3,4,1,1,66,22,47
2024,France,Croatia,60,8,9,2,3,2,3,3,2,26,20,40
2024,France,Cuba,69,15,17,2,7,1,3,6,5,14,33,36
2024,France,Cyprus,13,1,2,0,0,1,1,0,0,70,4,9
2024,France,Czech Republic,115,11,8,3,4,0,4,2,3,18,41,74
2024,France,Denmark,108,11,29,2,3,2,4,5,4,25,51,57
2024,France,Dominica,0,0,1,1,0,0,0,0,0,-1,0,0
2024,France,Dominican Republic,66,5,7,1,0,0,3,2,2,68,24,42
2024,France,Ecuador,47,3,4,1,2,2,1,2,0,38,30,17
2024,France,Egypt,140,6,12,1,1,1,1,1,4,54,48,92
2024,France,Ethiopia,37,4,14,1,1,3,1,0,2,56,20,17
2024,France,Fiji,32,2,3,0,1,1,0,0,1,59,16,16
2024,France,France,396,33,30,16,10,26,12,22,11,8,174,222
2024,France,Georgia,35,8,8,3,2,3,5,1,1,33,6,29
2024,France,Germany,415,37,18,12,10,13,11,8,16,9,168,247
2024,France,Great Britain,392,64,30,14,22,22,20,29,22,4,208,184
2024,France,Greece,82,4,21,1,2,1,1,6,1,36,36,46
2024,France,Grenada,6,1,4,0,0,0,0,2,1,86,2,4
2024,France,Guatemala,19,1,2,1,0,0,1,1,0,70,7,12
2024,France,Hong Kong,44,6,5,2,1,0,2,2,3,49,27,17
2024,France,Hungary,171,20,28,6,6,7,7,6,7,15,90,81
2024,France,India,126,7,20,0,1,1,2,5,4,48,56,70
2024,France,Indonesia,28,5,10,2,1,0,1,1,3,55,12,16
2024,France,Iran,65,7,18,3,3,6,2,3,2,27,10,55
2024,France,Ireland,125,4,15,4,2,0,0,3,2,39,59,66
2024,France,Israel,90,4,8,1,2,5,0,1,2,39,35,55
2024,France,Italy,377,40,28,12,10,13,10,15,20,10,184,193
2024,France,Ivory Coast,31,1,4,0,0,0,0,1,1,86,6,25
2024,France,Jamaica,61,9,17,1,4,3,1,2,4,21,32,29
2024,France,Japan,613,58,23,20,27,12,14,13,17,3,291,322
2024,France,Jordan,14,2,3,0,0,1,1,0,1,74,4,10
2024,France,Kazakhstan,97,8,8,1,0,3,0,3,8,83,33,64
2024,France,Kenya,87,10,14,4,4,2,4,5,2,19,49,38
2024,France,Kosovo,11,2,3,0,2,1,0,1,0,42,6,5
2024,France,Kyrgyzstan,16,3,4,0,0,2,2,4,1,70,5,11
2024,France,Lithuania,42,1,9,0,0,2,1,2,0,77,16,26
2024,France,Malaysia,30,2,7,0,0,0,1,2,1,74,18,12
2024,France,Mexico,162,4,22,0,0,3,0,2,4,84,65,97
2024,France,Moldova,20,1,5,0,0,1,0,3,1,86,11,9
2024,France,Mongolia,43,4,13,0,0,1,1,0,3,71,25,18
2024,France,Morocco,46,1,12,1,1,0,0,1,0,63,14,32
2024,France,Netherlands,282,36,27,15,10,7,12,12,14,7,167,115
2024,France,New Zealand,228,20,23,10,7,7,6,3,7,13,109,119
2024,France,North Korea,30,7,11,0,2,2,3,4,2,34,19,11
2024,France,Norway,93,8,26,4,4,1,2,3,2,20,34,59
2024,France,Pakistan,27,1,10,1,0,0,0,0,1,54,0,27
2024,France,Panama,5,1,3,0,1,1,0,0,0,53,2,3
2024,France,Peru,16,1,5,0,0,0,1,1,0,49,4,12
2024,France,Philippines,19,4,10,2,1,0,2,2,1,50,10,9
2024,France,Poland,218,14,23,1,4,4,5,5,5,17,105,113
2024,France,Portugal,93,4,17,1,1,2,1,1,2,56,36,57
2024,France,Puerto Rico,37,1,9,0,1,0,0,2,0,63,24,13
2024,France,Qatar,16,3,6,0,2,0,0,1,1,41,3,13
2024,France,Refugee Olympic Team,0,0,1,0,0,0,0,1,0,-1,0,0
2024,France,Romania,104,4,21,3,1,4,3,2,0,46,45,59
2024,France,Saint Lucia,0,0,1,1,0,1,0,0,0,-1,0,0
2024,France,Serbia,87,9,5,3,3,1,1,1,5,28,44,43
2024,France,Singapore,24,1,5,0,1,0,0,1,0,54,16,9
2024,France,Slovakia,41,4,8,0,1,0,2,1,1,50,14,27
2024,France,Slovenia,53,5,9,2,3,1,1,0,1,31,25,28
2024,France,South Africa,181,3,20,1,1,3,2,2,0,52,62,119
2024,France,South Korea,237,20,18,13,6,9,4,10,10,16,106,131
2024,France,Spain,334,17,21,5,3,4,8,9,6,22,142,192
2024,France,Sweden,136,9,28,4,3,4,6,3,0,23,79,57
2024,France,Switzerland,116,13,28,1,3,2,4,5,6,24,57,59
2024,France,Tajikistan,7,1,4,0,1,0,0,3,0,54,2,5
2024,France,Thailand,41,2,12,1,1,3,0,2,1,59,26,15
2024,France,Tunisia,63,2,9,1,1,1,1,1,0,58,29,34
2024,France,Turkey,107,13,19,0,2,3,2,5,9,35,50,57
2024,France,Uganda,25,4,7,1,2,1,1,0,1,36,13,12
2024,France,Ukraine,153,19,8,3,1,5,6,4,12,44,88,65
2024,France,United States,633,113,29,40,39,44,41,42,33,1,340,293
2024,France,Uzbekistan,67,5,8,8,3,2,0,3,2,32,30,37
2024,France,Zambia,8,1,3,0,0,0,1,1,0,61,1,7
